Resource,Zone,StartCap,RetCap,NewCap,EndCap,StartEnergyCap,RetEnergyCap,NewEnergyCap,EndEnergyCap,StartChargeCap,RetChargeCap,NewChargeCap,EndChargeCap
DE1 0 CCGT,1,1163.16,1163.158379725511,4.666220922462929e-7,0.0016207411110968906,0.0,0.0,0.0,0.0,0.0,0.0,0.0,0.0
DE1 0 OCGT,1,359.04,359.0379811995159,2.1474253253935216e-6,0.00202094790946461,0.0,0.0,0.0,0.0,0.0,0.0,0.0,0.0
DE1 0 biomass,1,148.2,4.911132286780777e-7,0.0,148.19999950888678,0.0,0.0,0.0,0.0,0.0,0.0,0.0,0.0
DE1 0 coal,1,5874.248611,5874.2485429521585,0.0,6.804784113967344e-5,0.0,0.0,0.0,0.0,0.0,0.0,0.0,0.0
DE1 0 nuclear,1,2722.0,1.9493825828479296e-9,17801.477163612966,20523.477163611016,0.0,0.0,0.0,0.0,0.0,0.0,0.0,0.0
DE1 0 oil,1,70.0,0.0005975458414716386,0.0,69.99940245415853,0.0,0.0,0.0,0.0,0.0,0.0,0.0,0.0
DE1 0 onwind,1,590.61855,3.985463038964706e-8,6.520835356107205e-7,590.6185506122289,0.0,0.0,0.0,0.0,0.0,0.0,0.0,0.0
DE1 0 ror,1,177.68803,8.65729205825012e-8,0.0,177.68802991342707,0.0,0.0,0.0,0.0,0.0,0.0,0.0,0.0
DE1 0 solar,1,2040.925306,2.0405905772985506e-8,1.0383227462926444e-6,2040.925307017917,0.0,0.0,0.0,0.0,0.0,0.0,0.0,0.0
DE1 1 CCGT,2,3351.0,3350.997414574253,8.317448721517532e-6,0.0025937431953337864,0.0,0.0,0.0,0.0,0.0,0.0,0.0,0.0
DE1 1 OCGT,2,175.61,175.6077139159413,3.54733145946532e-7,0.0022864387918819506,0.0,0.0,0.0,0.0,0.0,0.0,0.0,0.0
DE1 1 biomass,2,18.1,8.430990434768577e-7,0.0,18.09999915690096,0.0,0.0,0.0,0.0,0.0,0.0,0.0,0.0
DE1 1 coal,2,1064.7,1064.6999514757774,0.0,4.852422264001177e-5,0.0,0.0,0.0,0.0,0.0,0.0,0.0,0.0
DE1 1 lignite,2,35.04131532,35.041291877699216,0.0,2.3442300788045767e-5,0.0,0.0,0.0,0.0,0.0,0.0,0.0,0.0
DE1 1 oil,2,24.8,0.00039836008978631093,0.0,24.79960163991021,0.0,0.0,0.0,0.0,0.0,0.0,0.0,0.0
DE1 1 onwind,2,855.7914,1.992693002655086e-8,5.409287555268856e-7,855.7914005210018,0.0,0.0,0.0,0.0,0.0,0.0,0.0,0.0
DE1 1 ror,2,4.782,2.731875246852793e-8,0.0,4.781999972681247,0.0,0.0,0.0,0.0,0.0,0.0,0.0,0.0
DE1 1 solar,2,859.184064,2.3578841400782845e-8,3.918572912205255e-7,859.1840643682785,0.0,0.0,0.0,0.0,0.0,0.0,0.0,0.0
DE1 10 CCGT,3,961.8,961.794674543071,2.549622150136457e-6,0.005328006551175157,0.0,0.0,0.0,0.0,0.0,0.0,0.0,0.0
DE1 10 OCGT,3,543.58,543.5777292194659,1.807237054015898e-6,0.0022725877711904374,0.0,0.0,0.0,0.0,0.0,0.0,0.0,0.0
DE1 10 biomass,3,45.92,4.888876423507998e-7,0.0,45.91999951111236,0.0,0.0,0.0,0.0,0.0,0.0,0.0,0.0
DE1 10 coal,3,2229.243561,2229.2435060333264,0.0,5.496667387916432e-5,0.0,0.0,0.0,0.0,0.0,0.0,0.0,0.0
DE1 10 offwind-ac,3,0.0,0.0,1.0797117835702752e-5,1.0797117835702752e-5,0.0,0.0,0.0,0.0,0.0,0.0,0.0,0.0
DE1 10 oil,3,142.0,0.00017279152931594822,0.0,141.9998272084707,0.0,0.0,0.0,0.0,0.0,0.0,0.0,0.0
DE1 10 onwind,3,2510.3313,1.1511149188642422e-8,2.8371751626535634e-6,2510.331302825664,0.0,0.0,0.0,0.0,0.0,0.0,0.0,0.0
DE1 10 ror,3,9.9,5.0221380943839296e-8,0.0,9.89999994977862,0.0,0.0,0.0,0.0,0.0,0.0,0.0,0.0
DE1 10 solar,3,1417.558037,2.3950981257696157e-8,1.2318713202475343e-6,1417.5580382079202,0.0,0.0,0.0,0.0,0.0,0.0,0.0,0.0
DE1 11 CCGT,4,38.6,38.5976701008963,1.2339522784400712e-8,0.0023299114432287493,0.0,0.0,0.0,0.0,0.0,0.0,0.0,0.0
DE1 11 OCGT,4,72.68,72.67782310911271,5.743432841290503e-7,0.002177465230582265,0.0,0.0,0.0,0.0,0.0,0.0,0.0,0.0
DE1 11 onwind,4,233.7185,1.1820588602941478e-7,3.151982177897145e-7,233.71850019699232,0.0,0.0,0.0,0.0,0.0,0.0,0.0,0.0
DE1 11 ror,4,628.4368,6.608511393381166e-8,0.0,628.4367999339148,0.0,0.0,0.0,0.0,0.0,0.0,0.0,0.0
DE1 11 solar,4,1196.065223,1.9418835272704134e-8,3.738941103961785e-7,1196.0652233544752,0.0,0.0,0.0,0.0,0.0,0.0,0.0,0.0
DE1 12 OCGT,5,368.5885,368.5867232476273,1.2135476208057914e-6,0.0017779659203243092,0.0,0.0,0.0,0.0,0.0,0.0,0.0,0.0
DE1 12 biomass,5,48.4,6.902143085721843e-7,0.0,48.39999930978569,0.0,0.0,0.0,0.0,0.0,0.0,0.0,0.0
DE1 12 coal,5,1001.2235350000001,1001.223487081061,0.0,4.791893903899336e-5,0.0,0.0,0.0,0.0,0.0,0.0,0.0,0.0
DE1 12 nuclear,5,1288.0,1.9487035115775586e-9,11781.99573837973,13069.99573837778,0.0,0.0,0.0,0.0,0.0,0.0,0.0,0.0
DE1 12 oil,5,553.1,51.46670100561391,0.0,501.6332989943861,0.0,0.0,0.0,0.0,0.0,0.0,0.0,0.0
DE1 12 onwind,5,990.443533,2.8217480162375685e-8,4.4059468516978516e-7,990.4435334123772,0.0,0.0,0.0,0.0,0.0,0.0,0.0,0.0
DE1 12 ror,5,236.04,5.516437940706864e-8,0.0,236.0399999448356,0.0,0.0,0.0,0.0,0.0,0.0,0.0,0.0
DE1 12 solar,5,4165.011881,2.3620708603611398e-8,2.4140512356106702e-6,4165.011883390431,0.0,0.0,0.0,0.0,0.0,0.0,0.0,0.0
DE1 13 CCGT,6,240.0,239.9964075837652,1.2796541095383778e-6,0.0035936958888982407,0.0,0.0,0.0,0.0,0.0,0.0,0.0,0.0
DE1 13 OCGT,6,183.45,183.4477491516867,3.8767944246639486e-8,0.0022508870812232296,0.0,0.0,0.0,0.0,0.0,0.0,0.0,0.0
DE1 13 onwind,6,184.95324,3.337673198838764e-8,4.781784543940336e-7,184.95324044480168,0.0,0.0,0.0,0.0,0.0,0.0,0.0,0.0
DE1 13 ror,6,762.3918,1.2573587816082878e-8,0.0,762.3917999874263,0.0,0.0,0.0,0.0,0.0,0.0,0.0,0.0
DE1 13 solar,6,4165.847818,2.4510118990238472e-8,1.7233466458698662e-6,4165.847819698837,0.0,0.0,0.0,0.0,0.0,0.0,0.0,0.0
DE1 14 CCGT,7,1132.4,3.292745825177515e-7,7.188517783624178e-7,1132.4000003895774,0.0,0.0,0.0,0.0,0.0,0.0,0.0,0.0
DE1 14 OCGT,7,236.4,236.39550117863647,3.6178664096149966e-7,0.004499183150152852,0.0,0.0,0.0,0.0,0.0,0.0,0.0,0.0
DE1 14 biomass,7,18.1,3.56521209676147e-7,0.0,18.099999643478792,0.0,0.0,0.0,0.0,0.0,0.0,0.0,0.0
DE1 14 coal,7,79.28657826,79.28654656708373,0.0,3.1692916277470395e-5,0.0,0.0,0.0,0.0,0.0,0.0,0.0,0.0
DE1 14 lignite,7,2748.973544,2748.9734963939727,0.0,4.7606027564484066e-5,0.0,0.0,0.0,0.0,0.0,0.0,0.0,0.0
DE1 14 oil,7,212.5,8.208012695593256e-5,0.0,212.49991791987304,0.0,0.0,0.0,0.0,0.0,0.0,0.0,0.0
DE1 14 onwind,7,3912.74479,2.201729388119752e-8,1.0156936379104443e-5,3912.744800134919,0.0,0.0,0.0,0.0,0.0,0.0,0.0,0.0
DE1 14 ror,7,25.30822,2.262569242793044e-8,0.0,25.308219977374307,0.0,0.0,0.0,0.0,0.0,0.0,0.0,0.0
DE1 14 solar,7,3191.303605,2.0330025174532736e-8,3.2256498918599315e-6,3191.30360820532,0.0,0.0,0.0,0.0,0.0,0.0,0.0,0.0
DE1 15 CCGT,8,207.0,205.5151430081928,5.413348135818076e-7,1.484857533141981,0.0,0.0,0.0,0.0,0.0,0.0,0.0,0.0
DE1 15 OCGT,8,137.51,137.50718974113903,3.076544858956082e-8,0.002810289626398177,0.0,0.0,0.0,0.0,0.0,0.0,0.0,0.0
DE1 15 biomass,8,13.0,3.7588436674943284e-7,0.0,12.999999624115633,0.0,0.0,0.0,0.0,0.0,0.0,0.0,0.0
DE1 15 coal,8,1451.12877,1451.128718891568,0.0,5.110843193101289e-5,0.0,0.0,0.0,0.0,0.0,0.0,0.0,0.0
DE1 15 lignite,8,352.0,351.9999667186907,0.0,3.3281309264054926e-5,0.0,0.0,0.0,0.0,0.0,0.0,0.0,0.0
DE1 15 onwind,8,1810.05985,1.944615096690831e-8,2.578683295635468e-6,1810.059852559237,0.0,0.0,0.0,0.0,0.0,0.0,0.0,0.0
DE1 15 ror,8,45.9434,1.7928289558353517e-8,0.0,45.9433999820717,0.0,0.0,0.0,0.0,0.0,0.0,0.0,0.0
DE1 15 solar,8,1271.001657,2.4954341025648398e-8,6.340790788453009e-7,1271.0016576091248,0.0,0.0,0.0,0.0,0.0,0.0,0.0,0.0
DE1 16 CCGT,9,1820.0,1819.9976869355585,1.93760948990505e-6,0.0023150020509454805,0.0,0.0,0.0,0.0,0.0,0.0,0.0,0.0
DE1 16 OCGT,9,103.4,103.39790940757132,5.5058669027902596e-8,0.00209064748735166,0.0,0.0,0.0,0.0,0.0,0.0,0.0,0.0
DE1 16 biomass,9,30.6,4.4894844665933223e-7,0.0,30.599999551051553,0.0,0.0,0.0,0.0,0.0,0.0,0.0,0.0
DE1 16 coal,9,772.5831696,772.5831240828196,0.0,4.5517180469190066e-5,0.0,0.0,0.0,0.0,0.0,0.0,0.0,0.0
DE1 16 nuclear,9,1336.0,1.948477784771568e-9,1090.0381243671295,2426.038124365181,0.0,0.0,0.0,0.0,0.0,0.0,0.0,0.0
DE1 16 offwind-dc,9,0.0,0.0,7666.0165167455225,7666.0165167455225,0.0,0.0,0.0,0.0,0.0,0.0,0.0,0.0
DE1 16 onwind,9,3100.0548,1.1599113823718157e-8,4.289911743080482e-6,3100.054804278312,0.0,0.0,0.0,0.0,0.0,0.0,0.0,0.0
DE1 16 solar,9,1402.125944,2.3532967361256378e-8,9.433376540398848e-7,1402.1259449198044,0.0,0.0,0.0,0.0,0.0,0.0,0.0,0.0
DE1 17 CCGT,10,183.0,1.368126371210838e-6,3.348217174496298e-7,182.99999896669536,0.0,0.0,0.0,0.0,0.0,0.0,0.0,0.0
DE1 17 OCGT,10,148.9,148.89670741142467,2.6269404730852036e-7,0.003292851269404151,0.0,0.0,0.0,0.0,0.0,0.0,0.0,0.0
DE1 17 biomass,10,167.3,5.421518934951397e-7,0.0,167.2999994578481,0.0,0.0,0.0,0.0,0.0,0.0,0.0,0.0
DE1 17 coal,10,509.83113700000007,509.83109397628124,0.0,4.3023718809820366e-5,0.0,0.0,0.0,0.0,0.0,0.0,0.0,0.0
DE1 17 offwind-ac,10,313.75,6.928946552431669e-9,2.2066322673897586e-7,313.7500002137342,0.0,0.0,0.0,0.0,0.0,0.0,0.0,0.0
DE1 17 offwind-dc,10,0.0,0.0,3.332833379661217e-5,3.332833379661217e-5,0.0,0.0,0.0,0.0,0.0,0.0,0.0,0.0
DE1 17 onwind,10,3870.69665,1.2929166448018992e-8,6.653307680668472e-6,3870.696656640378,0.0,0.0,0.0,0.0,0.0,0.0,0.0,0.0
DE1 17 ror,10,0.475,1.162748654164467e-8,0.0,0.4749999883725135,0.0,0.0,0.0,0.0,0.0,0.0,0.0,0.0
DE1 17 solar,10,1976.785782,2.198999389848039e-8,1.3619679386497628e-6,1976.7857833399778,0.0,0.0,0.0,0.0,0.0,0.0,0.0,0.0
DE1 18 CCGT,11,1038.2,1038.1954034728267,6.142641053679124e-7,0.004597141437523433,0.0,0.0,0.0,0.0,0.0,0.0,0.0,0.0
DE1 18 OCGT,11,80.11,80.10715804265803,6.525934296380504e-7,0.002842609935396756,0.0,0.0,0.0,0.0,0.0,0.0,0.0,0.0
DE1 18 coal,11,2219.044859,2219.044804010448,0.0,5.4989552467077374e-5,0.0,0.0,0.0,0.0,0.0,0.0,0.0,0.0
DE1 18 onwind,11,2233.728602,1.5028156488951305e-8,3.3398809869854244e-6,2233.728605324853,0.0,0.0,0.0,0.0,0.0,0.0,0.0,0.0
DE1 18 ror,11,147.273,7.760643539109112e-8,0.0,147.27299992239355,0.0,0.0,0.0,0.0,0.0,0.0,0.0,0.0
DE1 18 solar,11,1591.319581,2.1995549215146765e-8,2.2987351379441525e-6,1591.3195832767396,0.0,0.0,0.0,0.0,0.0,0.0,0.0,0.0
DE1 19 CCGT,12,181.0,1.0621140133767051e-5,3.3816305022643997e-7,180.9999897170229,0.0,0.0,0.0,0.0,0.0,0.0,0.0,0.0
DE1 19 OCGT,12,197.6,197.59701744643309,1.0563824476457228e-6,0.0029836099493529833,0.0,0.0,0.0,0.0,0.0,0.0,0.0,0.0
DE1 19 biomass,12,15.6,3.7012231036513324e-7,0.0,15.59999962987769,0.0,0.0,0.0,0.0,0.0,0.0,0.0,0.0
DE1 19 coal,12,55.03617174,55.03614163130208,0.0,3.0108697923747485e-5,0.0,0.0,0.0,0.0,0.0,0.0,0.0,0.0
DE1 19 onwind,12,998.695935,1.9593645098076882e-8,7.452137954254051e-7,998.6959357256201,0.0,0.0,0.0,0.0,0.0,0.0,0.0,0.0
DE1 19 ror,12,94.8065,2.5947825664309646e-8,0.0,94.80649997405217,0.0,0.0,0.0,0.0,0.0,0.0,0.0,0.0
DE1 19 solar,12,2862.352664,1.885598804333031e-8,9.587022746639426e-7,2862.3526649398464,0.0,0.0,0.0,0.0,0.0,0.0,0.0,0.0
DE1 2 CCGT,13,3326.14,3326.1357497622494,8.204349680937531e-6,0.004258442099835946,0.0,0.0,0.0,0.0,0.0,0.0,0.0,0.0
DE1 2 OCGT,13,311.1,311.097283413553,1.619890108125597e-6,0.0027182063371822274,0.0,0.0,0.0,0.0,0.0,0.0,0.0,0.0
DE1 2 biomass,13,72.7,4.345016987390862e-7,0.0,72.6999995654983,0.0,0.0,0.0,0.0,0.0,0.0,0.0,0.0
DE1 2 coal,13,4156.569991,4156.569927879786,0.0,6.312021483267927e-5,0.0,0.0,0.0,0.0,0.0,0.0,0.0,0.0
DE1 2 onwind,13,1733.185567,1.3523561409025048e-8,5.0568032657784825e-6,1733.1855720432795,0.0,0.0,0.0,0.0,0.0,0.0,0.0,0.0
DE1 2 ror,13,101.248,1.4486307141795043e-8,0.0,101.2479999855137,0.0,0.0,0.0,0.0,0.0,0.0,0.0,0.0
DE1 2 solar,13,1424.382759,2.2136650457288467e-8,1.253487746520384e-6,1424.382760231351,0.0,0.0,0.0,0.0,0.0,0.0,0.0,0.0
DE1 3 CCGT,14,942.0,2.5267449129123066e-7,1.389925759700144e-6,942.0000011372513,0.0,0.0,0.0,0.0,0.0,0.0,0.0,0.0
DE1 3 OCGT,14,466.3,466.28878951360423,1.7784897546478933e-6,0.011212264885485101,0.0,0.0,0.0,0.0,0.0,0.0,0.0,0.0
DE1 3 biomass,14,119.0,5.264971417076373e-7,0.0,118.99999947350285,0.0,0.0,0.0,0.0,0.0,0.0,0.0,0.0
DE1 3 coal,14,645.3558696,645.3558245370384,0.0,4.5062961584463324e-5,0.0,0.0,0.0,0.0,0.0,0.0,0.0,0.0
DE1 3 lignite,14,3080.869328,3080.8692788427416,0.0,4.9157258708021345e-5,0.0,0.0,0.0,0.0,0.0,0.0,0.0,0.0
DE1 3 oil,14,669.0,6.72788949261017e-5,0.0,668.9999327211051,0.0,0.0,0.0,0.0,0.0,0.0,0.0,0.0
DE1 3 onwind,14,4383.1955,1.6638858686102582e-8,1.0478476589726197e-5,4383.195510461838,0.0,0.0,0.0,0.0,0.0,0.0,0.0,0.0
DE1 3 ror,14,0.47,1.2872795719126417e-8,0.0,0.46999998712720426,0.0,0.0,0.0,0.0,0.0,0.0,0.0,0.0
DE1 3 solar,14,3256.387282,1.9972551723786383e-8,2.690455307089587e-6,3256.387284670483,0.0,0.0,0.0,0.0,0.0,0.0,0.0,0.0
DE1 4 CCGT,15,2640.9,2640.898189984853,6.977252793249287e-6,0.0018169924000943638,0.0,0.0,0.0,0.0,0.0,0.0,0.0,0.0
DE1 4 OCGT,15,325.04,325.0381666471398,1.0710047302293213e-6,0.0018344238649214972,0.0,0.0,0.0,0.0,0.0,0.0,0.0,0.0
DE1 4 biomass,15,43.23,7.487060207375296e-7,0.0,43.229999251293975,0.0,0.0,0.0,0.0,0.0,0.0,0.0,0.0
DE1 4 coal,15,896.5051066,896.5050599302567,0.0,4.666974318112693e-5,0.0,0.0,0.0,0.0,0.0,0.0,0.0,0.0
DE1 4 nuclear,15,1410.0,1.9487641217514776e-9,20417.149516165602,21827.149516163652,0.0,0.0,0.0,0.0,0.0,0.0,0.0,0.0
DE1 4 oil,15,1330.6,530.6725215461128,0.0,799.9274784538873,0.0,0.0,0.0,0.0,0.0,0.0,0.0,0.0
DE1 4 onwind,15,351.60679,5.913897453258881e-8,2.7862276807226395e-7,351.6067902194838,0.0,0.0,0.0,0.0,0.0,0.0,0.0,0.0
DE1 4 ror,15,629.2682,6.309237240352694e-8,0.0,629.2681999369075,0.0,0.0,0.0,0.0,0.0,0.0,0.0,0.0
DE1 4 solar,15,3371.913361,2.6394361644504955e-8,1.427195407820281e-6,3371.9133624008005,0.0,0.0,0.0,0.0,0.0,0.0,0.0,0.0
DE1 5 CCGT,16,362.0,361.9975321852812,4.872642980096247e-7,0.002468301983082899,0.0,0.0,0.0,0.0,0.0,0.0,0.0,0.0
DE1 5 OCGT,16,252.96999999999997,252.96793917083676,1.144901325090756e-6,0.002061974064548888,0.0,0.0,0.0,0.0,0.0,0.0,0.0,0.0
DE1 5 biomass,16,20.0,3.7411953698331984e-7,0.0,19.999999625880463,0.0,0.0,0.0,0.0,0.0,0.0,0.0,0.0
DE1 5 coal,16,2383.529098,2383.529042456056,0.0,5.5543944110780785e-5,0.0,0.0,0.0,0.0,0.0,0.0,0.0,0.0
DE1 5 nuclear,16,1410.0,1.948572327693865e-9,11936.96211931875,13346.9621193168,0.0,0.0,0.0,0.0,0.0,0.0,0.0,0.0
DE1 5 offwind-ac,16,0.0,0.0,1.2790594579666309e-5,1.2790594579666309e-5,0.0,0.0,0.0,0.0,0.0,0.0,0.0,0.0
DE1 5 offwind-dc,16,0.0,0.0,3.033318903696675e-5,3.033318903696675e-5,0.0,0.0,0.0,0.0,0.0,0.0,0.0,0.0
DE1 5 oil,16,276.0,0.0003117193346915695,0.0,275.99968828066534,0.0,0.0,0.0,0.0,0.0,0.0,0.0,0.0
DE1 5 onwind,16,6910.7398,1.0315254700258537e-8,1.4646986647173105e-5,6910.739814636671,0.0,0.0,0.0,0.0,0.0,0.0,0.0,0.0
DE1 5 ror,16,0.11,4.739673207659813e-8,0.0,0.10999995260326793,0.0,0.0,0.0,0.0,0.0,0.0,0.0,0.0
DE1 5 solar,16,2071.978862,2.8002151412818845e-8,1.952014567361194e-6,2071.9788639240123,0.0,0.0,0.0,0.0,0.0,0.0,0.0,0.0
DE1 6 CCGT,17,395.11,3.365400314533949e-7,9.109771771832176e-7,395.1100005744372,0.0,0.0,0.0,0.0,0.0,0.0,0.0,0.0
DE1 6 OCGT,17,181.72,181.71224373401418,1.4424830448484867e-6,0.007757708468864033,0.0,0.0,0.0,0.0,0.0,0.0,0.0,0.0
DE1 6 lignite,17,4010.3863239999996,4010.386271472811,0.0,5.252718882076124e-5,0.0,0.0,0.0,0.0,0.0,0.0,0.0,0.0
DE1 6 oil,17,17.0,6.550708476218214e-5,0.0,16.999934492915237,0.0,0.0,0.0,0.0,0.0,0.0,0.0,0.0
DE1 6 onwind,17,1289.7049,1.9884264098193667e-8,7.843733847518553e-7,1289.7049007644891,0.0,0.0,0.0,0.0,0.0,0.0,0.0,0.0
DE1 6 ror,17,99.9104,1.55997560648924e-8,0.0,99.91039998440024,0.0,0.0,0.0,0.0,0.0,0.0,0.0,0.0
DE1 6 solar,17,2083.364024,1.6545737839326804e-8,2.1936374458983024e-6,2083.364026177091,0.0,0.0,0.0,0.0,0.0,0.0,0.0,0.0
DE1 7 CCGT,18,1541.1,1541.0961177973609,1.5181116608905026e-5,0.0038973837557243485,0.0,0.0,0.0,0.0,0.0,0.0,0.0,0.0
DE1 7 OCGT,18,336.215,336.2127084259045,1.0829524501618707e-6,0.0022926570479309127,0.0,0.0,0.0,0.0,0.0,0.0,0.0,0.0
DE1 7 biomass,18,47.5934,4.0617021186519637e-7,0.0,47.593399593829794,0.0,0.0,0.0,0.0,0.0,0.0,0.0,0.0
DE1 7 coal,18,974.9062761,974.9062282617615,0.0,4.783823848164559e-5,0.0,0.0,0.0,0.0,0.0,0.0,0.0,0.0
DE1 7 oil,18,0.5,0.0005682954947876487,0.0,0.49943170450521235,0.0,0.0,0.0,0.0,0.0,0.0,0.0,0.0
DE1 7 onwind,18,1412.84135,1.996102278035611e-8,7.103054448432763e-6,1412.8413570830933,0.0,0.0,0.0,0.0,0.0,0.0,0.0,0.0
DE1 7 ror,18,10.042,1.3825723781899237e-8,0.0,10.041999986174277,0.0,0.0,0.0,0.0,0.0,0.0,0.0,0.0
DE1 7 solar,18,1766.602461,2.058095669789552e-8,2.4348256628894465e-6,1766.6024634142448,0.0,0.0,0.0,0.0,0.0,0.0,0.0,0.0
DE1 8 CCGT,19,3017.819,328.49061079883575,5.909951518156182e-6,2689.3283951111157,0.0,0.0,0.0,0.0,0.0,0.0,0.0,0.0
DE1 8 OCGT,19,1017.479,1017.4758504401138,2.0690620370811585e-6,0.0031516289482613757,0.0,0.0,0.0,0.0,0.0,0.0,0.0,0.0
DE1 8 coal,19,3403.328513,3403.3284528052873,0.0,6.019471276985655e-5,0.0,0.0,0.0,0.0,0.0,0.0,0.0,0.0
DE1 8 lignite,19,12113.19158,12113.191514542394,0.0,6.54576073344515e-5,0.0,0.0,0.0,0.0,0.0,0.0,0.0,0.0
DE1 8 oil,19,248.1,0.00010223232427386722,0.0,248.0998977676757,0.0,0.0,0.0,0.0,0.0,0.0,0.0,0.0
DE1 8 onwind,19,1838.36194,1.3981847429529514e-8,2.024369242781831e-6,1838.3619420103873,0.0,0.0,0.0,0.0,0.0,0.0,0.0,0.0
DE1 8 ror,19,33.997,3.5919004936043736e-8,0.0,33.996999964081,0.0,0.0,0.0,0.0,0.0,0.0,0.0,0.0
DE1 8 solar,19,1829.346928,1.878078895879313e-8,2.116730123795396e-6,1829.3469300979493,0.0,0.0,0.0,0.0,0.0,0.0,0.0,0.0
DE1 9 CCGT,20,162.5,162.49794784241973,1.8046480071908932e-7,0.002052338045094304,0.0,0.0,0.0,0.0,0.0,0.0,0.0,0.0
DE1 9 OCGT,20,633.4,633.3982673776517,3.007291144843584e-7,0.0017329230773688309,0.0,0.0,0.0,0.0,0.0,0.0,0.0,0.0
DE1 9 biomass,20,44.6,6.46648929276748e-7,0.0,44.59999935335107,0.0,0.0,0.0,0.0,0.0,0.0,0.0,0.0
DE1 9 coal,20,850.9478109,850.9477647115089,0.0,4.6188491142906685e-5,0.0,0.0,0.0,0.0,0.0,0.0,0.0,0.0
DE1 9 nuclear,20,1360.0,1.9487205874320015e-9,26470.740094155113,27830.74009415316,0.0,0.0,0.0,0.0,0.0,0.0,0.0,0.0
DE1 9 onwind,20,2974.4663,1.689438127452896e-8,4.089456811909062e-6,2974.4663040725623,0.0,0.0,0.0,0.0,0.0,0.0,0.0,0.0
DE1 9 ror,20,0.913,1.916139650967573e-8,0.0,0.9129999808386036,0.0,0.0,0.0,0.0,0.0,0.0,0.0,0.0
DE1 9 solar,20,2007.619715,2.5619251395072743e-8,2.4701800520333275e-6,2007.619717444561,0.0,0.0,0.0,0.0,0.0,0.0,0.0,0.0
ES1 0 CCGT,21,46.0,45.99659084715638,1.8373719498090213e-8,0.0034091712173417443,0.0,0.0,0.0,0.0,0.0,0.0,0.0,0.0
ES1 0 coal,21,3080.014733,3080.0146738493536,0.0,5.915064660300118e-5,0.0,0.0,0.0,0.0,0.0,0.0,0.0,0.0
ES1 0 onwind,21,0.0,0.0,3.7204921303642e-5,3.7204921303642e-5,0.0,0.0,0.0,0.0,0.0,0.0,0.0,0.0
ES1 0 solar,21,0.0,0.0,7704.044288094087,7704.044288094087,0.0,0.0,0.0,0.0,0.0,0.0,0.0,0.0
ES1 1 CCGT,22,917.934,626.0041658664967,1.5064076221687487e-6,291.92983563991095,0.0,0.0,0.0,0.0,0.0,0.0,0.0,0.0
ES1 1 OCGT,22,3294.947371,3294.94046174638,7.93533589563282e-6,0.006917188955846143,0.0,0.0,0.0,0.0,0.0,0.0,0.0,0.0
ES1 1 coal,22,1120.7,1120.6999501856988,0.0,4.9814301350536994e-5,0.0,0.0,0.0,0.0,0.0,0.0,0.0,0.0
ES1 1 lignite,22,968.2468706,968.2468307452564,0.0,3.9854743505429724e-5,0.0,0.0,0.0,0.0,0.0,0.0,0.0,0.0
ES1 1 nuclear,22,1987.5,2.0284691801662755e-9,6.884186090302586e-6,1987.5000068821578,0.0,0.0,0.0,0.0,0.0,0.0,0.0,0.0
ES1 1 onwind,22,0.0,0.0,23661.20978584536,23661.20978584536,0.0,0.0,0.0,0.0,0.0,0.0,0.0,0.0
ES1 1 solar,22,0.0,0.0,0.00013875401429437682,0.00013875401429437682,0.0,0.0,0.0,0.0,0.0,0.0,0.0,0.0
ES1 2 CCGT,23,5616.646,1405.2945618186338,4.2350745264920665e-5,4211.351480532111,0.0,0.0,0.0,0.0,0.0,0.0,0.0,0.0
ES1 2 biomass,23,20.0,7.914549972698537e-7,0.0,19.999999208545002,0.0,0.0,0.0,0.0,0.0,0.0,0.0,0.0
ES1 2 coal,23,543.0208674,543.0208237431457,0.0,4.3656854353812946e-5,0.0,0.0,0.0,0.0,0.0,0.0,0.0,0.0
ES1 2 lignite,23,298.7075739,298.7075411687328,0.0,3.273126719660624e-5,0.0,0.0,0.0,0.0,0.0,0.0,0.0,0.0
ES1 2 offwind-ac,23,0.0,0.0,2.794084380406078e-5,2.794084380406078e-5,0.0,0.0,0.0,0.0,0.0,0.0,0.0,0.0
ES1 2 oil,23,1755.951946,4.583599225896533e-5,0.0,1755.9519001640076,0.0,0.0,0.0,0.0,0.0,0.0,0.0,0.0
ES1 2 onwind,23,0.0,0.0,3.576009310256853e-5,3.576009310256853e-5,0.0,0.0,0.0,0.0,0.0,0.0,0.0,0.0
ES1 2 solar,23,0.0,0.0,13896.001254970695,13896.001254970695,0.0,0.0,0.0,0.0,0.0,0.0,0.0,0.0
ES1 3 CCGT,24,849.986,3.2673180916709674e-7,3.049589975898653e-6,849.9860027228582,0.0,0.0,0.0,0.0,0.0,0.0,0.0,0.0
ES1 3 OCGT,24,2156.143988,2156.086458062325,1.6604801808918121e-6,0.05753159815480302,0.0,0.0,0.0,0.0,0.0,0.0,0.0,0.0
ES1 3 coal,24,1068.524933,1068.5248833022385,0.0,4.9697761461686696e-5,0.0,0.0,0.0,0.0,0.0,0.0,0.0,0.0
ES1 3 nuclear,24,1063.9,2.0274325158327348e-9,5.421797062571976e-6,1063.9000054197695,0.0,0.0,0.0,0.0,0.0,0.0,0.0,0.0
ES1 3 offwind-ac,24,0.0,0.0,8.455762678171089e-6,8.455762678171089e-6,0.0,0.0,0.0,0.0,0.0,0.0,0.0,0.0
ES1 3 oil,24,825.0218162,3.055837949490158e-5,0.0,825.0217856416206,0.0,0.0,0.0,0.0,0.0,0.0,0.0,0.0
ES1 3 onwind,24,0.0,0.0,0.00012726998623675134,0.00012726998623675134,0.0,0.0,0.0,0.0,0.0,0.0,0.0,0.0
ES1 3 solar,24,0.0,0.0,25919.623498971654,25919.623498971654,0.0,0.0,0.0,0.0,0.0,0.0,0.0,0.0
ES1 4 CCGT,25,1255.93,1255.9026781955197,7.762141995879449e-7,0.027322580694599807,0.0,0.0,0.0,0.0,0.0,0.0,0.0,0.0
ES1 4 OCGT,25,763.634329,763.6290182191096,2.591610158227542e-6,0.005313372500426183,0.0,0.0,0.0,0.0,0.0,0.0,0.0,0.0
ES1 4 nuclear,25,1045.3,2.0073502907242073e-9,5.773672130156988e-6,1045.300005771665,0.0,0.0,0.0,0.0,0.0,0.0,0.0,0.0
ES1 4 oil,25,26.46,4.223290185833868e-5,0.0,26.459957767098143,0.0,0.0,0.0,0.0,0.0,0.0,0.0,0.0
ES1 4 onwind,25,0.0,0.0,2.9327029324504046e-5,2.9327029324504046e-5,0.0,0.0,0.0,0.0,0.0,0.0,0.0,0.0
ES1 4 ror,25,147.0082475,3.78626829560159e-8,0.0,147.00824746213735,0.0,0.0,0.0,0.0,0.0,0.0,0.0,0.0
ES1 4 solar,25,0.0,0.0,15087.759736775226,15087.759736775226,0.0,0.0,0.0,0.0,0.0,0.0,0.0,0.0
ES1 5 CCGT,26,5432.766,4038.5321119558357,5.989811108671171e-6,1394.2338940339755,0.0,0.0,0.0,0.0,0.0,0.0,0.0,0.0
ES1 5 nuclear,26,1003.4000000000001,2.0168351555202506e-9,1.1530845753066581e-5,1003.400011528829,0.0,0.0,0.0,0.0,0.0,0.0,0.0,0.0
ES1 5 oil,26,56.83,3.970505040804359e-5,0.0,56.82996029494959,0.0,0.0,0.0,0.0,0.0,0.0,0.0,0.0
ES1 5 onwind,26,0.0,0.0,4.053362962664231e-5,4.053362962664231e-5,0.0,0.0,0.0,0.0,0.0,0.0,0.0,0.0
ES1 5 solar,26,0.0,0.0,8923.122513743852,8923.122513743852,0.0,0.0,0.0,0.0,0.0,0.0,0.0,0.0
ES1 6 CCGT,27,1321.418,1.2584035854153415e-5,1.6530551686134523e-6,1321.4179890690193,0.0,0.0,0.0,0.0,0.0,0.0,0.0,0.0
ES1 6 OCGT,27,1446.682777,1446.6760624866613,3.333279539246741e-7,0.0067148466666999695,0.0,0.0,0.0,0.0,0.0,0.0,0.0,0.0
ES1 6 offwind-ac,27,0.0,0.0,6.495048799228523e-6,6.495048799228523e-6,0.0,0.0,0.0,0.0,0.0,0.0,0.0,0.0
ES1 6 oil,27,897.02,3.8622419105154956e-5,0.0,897.0199613775808,0.0,0.0,0.0,0.0,0.0,0.0,0.0,0.0
ES1 6 onwind,27,0.0,0.0,5.797635030518189e-5,5.797635030518189e-5,0.0,0.0,0.0,0.0,0.0,0.0,0.0,0.0
ES1 6 solar,27,0.0,0.0,4.976010023748481e-5,4.976010023748481e-5,0.0,0.0,0.0,0.0,0.0,0.0,0.0,0.0
ES1 7 CCGT,28,179.58,179.57787094842075,4.1328673994112147e-7,0.002129464865996411,0.0,0.0,0.0,0.0,0.0,0.0,0.0,0.0
ES1 7 coal,28,3838.691628,3838.691566435523,0.0,6.156447707184043e-5,0.0,0.0,0.0,0.0,0.0,0.0,0.0,0.0
ES1 7 lignite,28,0.0,0.0,0.0,0.0,0.0,0.0,0.0,0.0,0.0,0.0,0.0,0.0
ES1 7 offwind-ac,28,0.0,0.0,1633.15479910734,1633.15479910734,0.0,0.0,0.0,0.0,0.0,0.0,0.0,0.0
ES1 7 oil,28,81.381,6.344817880184385e-5,0.0,81.3809365518212,0.0,0.0,0.0,0.0,0.0,0.0,0.0,0.0
ES1 7 onwind,28,0.0,0.0,33619.74721469206,33619.74721469206,0.0,0.0,0.0,0.0,0.0,0.0,0.0,0.0
ES1 7 solar,28,0.0,0.0,3.8250557434030455e-5,3.8250557434030455e-5,0.0,0.0,0.0,0.0,0.0,0.0,0.0,0.0
ES1 8 nuclear,29,2017.1000000000001,2.080579971126947e-9,5.804731433541706e-7,2017.1000005783926,0.0,0.0,0.0,0.0,0.0,0.0,0.0,0.0
ES1 8 onwind,29,0.0,0.0,2.8083025346017232e-5,2.8083025346017232e-5,0.0,0.0,0.0,0.0,0.0,0.0,0.0,0.0
ES1 8 solar,29,0.0,0.0,23411.7175131929,23411.7175131929,0.0,0.0,0.0,0.0,0.0,0.0,0.0,0.0
ES4 0 CCGT,30,493.95,376.0481136215728,1.1173875584833027e-6,117.90188749581482,0.0,0.0,0.0,0.0,0.0,0.0,0.0,0.0
ES4 0 coal,30,239.7036087,239.7035738730877,0.0,3.482691229850232e-5,0.0,0.0,0.0,0.0,0.0,0.0,0.0,0.0
ES4 0 oil,30,757.022478,757.0222479908656,0.0,0.0002300091344054067,0.0,0.0,0.0,0.0,0.0,0.0,0.0,0.0
ES4 0 onwind,30,0.0,0.0,2522.1627925446724,2522.1627925446724,0.0,0.0,0.0,0.0,0.0,0.0,0.0,0.0
ES4 0 solar,30,0.0,0.0,2595.654875943332,2595.654875943332,0.0,0.0,0.0,0.0,0.0,0.0,0.0,0.0
FR1 0 CCGT,31,1096.0,1095.9951398183764,6.181987270861545e-7,0.004860799822425932,0.0,0.0,0.0,0.0,0.0,0.0,0.0,0.0
FR1 0 nuclear,31,1830.0,1.9707855067180456e-9,1.5572093310514892e-6,1830.0000015552384,0.0,0.0,0.0,0.0,0.0,0.0,0.0,0.0
FR1 0 oil,31,254.0,4.414916708252939e-5,0.0,253.9999558508329,0.0,0.0,0.0,0.0,0.0,0.0,0.0,0.0
FR1 0 onwind,31,456.166,2.0586421089410255e-8,5.76547580172067e-7,456.1660005559612,0.0,0.0,0.0,0.0,0.0,0.0,0.0,0.0
FR1 0 solar,31,324.328423,1.806689436057088e-8,5.428875428454898e-7,324.32842352482066,0.0,0.0,0.0,0.0,0.0,0.0,0.0,0.0
FR1 1 onwind,32,20.7,20.699927093194596,9.32210041672864e-9,7.291612750745524e-5,0.0,0.0,0.0,0.0,0.0,0.0,0.0,0.0
FR1 1 ror,32,1443.066872,3.1282402116024563e-9,0.0,1443.066871996872,0.0,0.0,0.0,0.0,0.0,0.0,0.0,0.0
FR1 1 solar,32,151.399335,1.461813012128212e-8,3.6063466295394575e-7,151.39933534601653,0.0,0.0,0.0,0.0,0.0,0.0,0.0,0.0
FR1 10 CCGT,33,997.0,4.9645247104200325e-5,1.4655405003850853e-6,996.9999518202933,0.0,0.0,0.0,0.0,0.0,0.0,0.0,0.0
FR1 10 nuclear,33,3000.0,1.9731888739316283e-9,1.6283172563804657e-6,3000.000001626344,0.0,0.0,0.0,0.0,0.0,0.0,0.0,0.0
FR1 10 onwind,33,1553.814,1.1743607350465511e-8,8.874635135293397e-7,1553.8140008757198,0.0,0.0,0.0,0.0,0.0,0.0,0.0,0.0
FR1 10 solar,33,85.197712,2.1913178507217837e-8,5.774806256396539e-8,85.19771203583487,0.0,0.0,0.0,0.0,0.0,0.0,0.0,0.0
FR1 11 nuclear,34,6630.0,1.996733280198519e-9,4.425118541346053e-6,6630.000004423122,0.0,0.0,0.0,0.0,0.0,0.0,0.0,0.0
FR1 11 offwind-ac,34,0.0,0.0,1.2592795847991023e-5,1.2592795847991023e-5,0.0,0.0,0.0,0.0,0.0,0.0,0.0,0.0
FR1 11 onwind,34,937.492,1.4614344077195388e-8,4.3367864768548864e-7,937.4920004190643,0.0,0.0,0.0,0.0,0.0,0.0,0.0,0.0
FR1 11 ror,34,21.63435685,4.907918575300972e-8,0.0,21.634356800920816,0.0,0.0,0.0,0.0,0.0,0.0,0.0,0.0
FR1 11 solar,34,1276.057241,1.544952673491071e-8,1.8209164779374277e-7,1276.0572411666421,0.0,0.0,0.0,0.0,0.0,0.0,0.0,0.0
FR1 12 onwind,35,328.28,2.2800558271221986e-8,4.50960704791486e-7,328.2800004281601,0.0,0.0,0.0,0.0,0.0,0.0,0.0,0.0
FR1 12 ror,35,459.5,2.82823938963871e-9,0.0,459.49999999717176,0.0,0.0,0.0,0.0,0.0,0.0,0.0,0.0
FR1 12 solar,35,465.881226,1.484292581141127e-8,3.357278272942184e-7,465.881226320885,0.0,0.0,0.0,0.0,0.0,0.0,0.0,0.0
FR1 13 coal,36,0.0,0.0,0.0,0.0,0.0,0.0,0.0,0.0,0.0,0.0,0.0,0.0
FR1 13 nuclear,36,2670.0,2.173770195100568e-9,7.805422560871475e-7,2670.0000007783683,0.0,0.0,0.0,0.0,0.0,0.0,0.0,0.0
FR1 13 offwind-ac,36,0.0,0.0,3.209690002572226e-5,3.209690002572226e-5,0.0,0.0,0.0,0.0,0.0,0.0,0.0,0.0
FR1 13 oil,36,474.0,3.250109922634277e-5,0.0,473.9999674989008,0.0,0.0,0.0,0.0,0.0,0.0,0.0,0.0
FR1 13 onwind,36,899.056,8.946621764849985e-9,28096.146874157843,28995.202874148898,0.0,0.0,0.0,0.0,0.0,0.0,0.0,0.0
FR1 13 solar,36,142.85546,1.998118569261504e-8,9.17975666325389e-8,142.85546007181637,0.0,0.0,0.0,0.0,0.0,0.0,0.0,0.0
FR1 14 coal,37,580.0,579.9999549502487,0.0,4.5049751262737914e-5,0.0,0.0,0.0,0.0,0.0,0.0,0.0,0.0
FR1 14 nuclear,37,5320.0,2.036971320747228e-9,3.3924123315697345e-6,5320.000003390376,0.0,0.0,0.0,0.0,0.0,0.0,0.0,0.0
FR1 14 offwind-ac,37,0.0,0.0,2.464820929957409e-5,2.464820929957409e-5,0.0,0.0,0.0,0.0,0.0,0.0,0.0,0.0
FR1 14 offwind-dc,37,0.0,0.0,8612.550304045128,8612.550304045128,0.0,0.0,0.0,0.0,0.0,0.0,0.0,0.0
FR1 14 onwind,37,542.44776,1.1325598637352425e-8,1.0433851444475084e-6,542.4477610320596,0.0,0.0,0.0,0.0,0.0,0.0,0.0,0.0
FR1 14 solar,37,227.827745,1.950449089821626e-8,3.181678981624943e-7,227.82774529866342,0.0,0.0,0.0,0.0,0.0,0.0,0.0,0.0
FR1 15 onwind,38,1891.201,1.8288897786240588e-8,5.695851496186118e-6,1891.2010056775628,0.0,0.0,0.0,0.0,0.0,0.0,0.0,0.0
FR1 15 solar,38,199.764913,2.114365427230535e-8,3.748148819850278e-7,199.76491335367126,0.0,0.0,0.0,0.0,0.0,0.0,0.0,0.0
FR1 16 nuclear,39,3580.0,1.9499713615295135e-9,5220.004221032405,8800.004221030456,0.0,0.0,0.0,0.0,0.0,0.0,0.0,0.0
FR1 16 onwind,39,145.6,2.8376620167235973e-8,3.816847228143182e-7,145.6000003533081,0.0,0.0,0.0,0.0,0.0,0.0,0.0,0.0
FR1 16 ror,39,1085.813501,3.0161276645256775e-9,0.0,1085.813500996984,0.0,0.0,0.0,0.0,0.0,0.0,0.0,0.0
FR1 16 solar,39,364.830948,1.5567374802147695e-8,6.432181264675337e-7,364.83094862765074,0.0,0.0,0.0,0.0,0.0,0.0,0.0,0.0
FR1 17 nuclear,40,5320.0,1.9771399191499943e-9,6.0666946900985115e-6,5320.000006064718,0.0,0.0,0.0,0.0,0.0,0.0,0.0,0.0
FR1 17 onwind,40,229.04,4.497211329888771e-8,4.2404609820382786e-7,229.040000379074,0.0,0.0,0.0,0.0,0.0,0.0,0.0,0.0
FR1 17 ror,40,1338.1,6.813620219980806e-8,0.0,1338.0999999318637,0.0,0.0,0.0,0.0,0.0,0.0,0.0,0.0
FR1 17 solar,40,196.324483,1.6697977942615554e-8,1.2892842979996462e-7,196.32448311223044,0.0,0.0,0.0,0.0,0.0,0.0,0.0,0.0
FR1 18 onwind,41,551.174,8.925135089590033e-9,14372.204019053706,14923.378019044781,0.0,0.0,0.0,0.0,0.0,0.0,0.0,0.0
FR1 18 ror,41,18.25398859,1.2158125433462897e-7,0.0,18.253988468418743,0.0,0.0,0.0,0.0,0.0,0.0,0.0,0.0
FR1 18 solar,41,571.294165,1.3966484562973443e-8,12766.480004909105,13337.774169895138,0.0,0.0,0.0,0.0,0.0,0.0,0.0,0.0
FR1 2 coal,42,1161.640565,1161.6405144293203,0.0,5.057067964386874e-5,0.0,0.0,0.0,0.0,0.0,0.0,0.0,0.0
FR1 2 nuclear,42,6280.0,2.0717721811156524e-9,1.508106529814274e-6,6280.000001506035,0.0,0.0,0.0,0.0,0.0,0.0,0.0,0.0
FR1 2 offwind-ac,42,0.0,0.0,0.08339917004832963,0.08339917004832963,0.0,0.0,0.0,0.0,0.0,0.0,0.0,0.0
FR1 2 oil,42,2408.472288,6.332118324385942e-5,0.0,2408.4722246788165,0.0,0.0,0.0,0.0,0.0,0.0,0.0,0.0
FR1 2 onwind,42,1121.913,9.30578093984209e-9,8.944205987553916e-6,1121.9130089349,0.0,0.0,0.0,0.0,0.0,0.0,0.0,0.0
FR1 2 solar,42,559.791666,1.8168526331736764e-8,3.45724194957494e-7,559.7916663275556,0.0,0.0,0.0,0.0,0.0,0.0,0.0,0.0
FR1 3 CCGT,43,796.0,1.4313478308009728e-6,1.0053711293233105e-6,795.9999995740234,0.0,0.0,0.0,0.0,0.0,0.0,0.0,0.0
FR1 3 nuclear,43,8119.999999999999,2.030903207274542e-9,6.443261603689802e-6,8120.000006441231,0.0,0.0,0.0,0.0,0.0,0.0,0.0,0.0
FR1 3 offwind-ac,43,0.0,0.0,2.1862536746513218e-5,2.1862536746513218e-5,0.0,0.0,0.0,0.0,0.0,0.0,0.0,0.0
FR1 3 offwind-dc,43,0.0,0.0,1423.583257545163,1423.583257545163,0.0,0.0,0.0,0.0,0.0,0.0,0.0,0.0
FR1 3 onwind,43,2097.55208,9.432777959168669e-9,3.916605098925442e-6,2097.5520839071723,0.0,0.0,0.0,0.0,0.0,0.0,0.0,0.0
FR1 3 solar,43,82.553659,2.0104737365757918e-8,7.35645602052334e-8,82.55365905345982,0.0,0.0,0.0,0.0,0.0,0.0,0.0,0.0
FR1 4 CCGT,44,840.0,839.8881083471034,4.370942946717404e-6,0.11189602383954167,0.0,0.0,0.0,0.0,0.0,0.0,0.0,0.0
FR1 4 coal,44,596.4932109,596.4931659448325,0.0,4.495516747748951e-5,0.0,0.0,0.0,0.0,0.0,0.0,0.0,0.0
FR1 4 nuclear,44,7820.0,1.998944271733385e-9,1.0196427805272977e-7,7820.000000099965,0.0,0.0,0.0,0.0,0.0,0.0,0.0,0.0
FR1 4 onwind,44,1354.128,1.3889246675256242e-8,6.52373180645262e-7,1354.1280006384839,0.0,0.0,0.0,0.0,0.0,0.0,0.0,0.0
FR1 4 solar,44,249.011931,2.138430662008357e-8,5.20575455221038e-7,249.01193149919112,0.0,0.0,0.0,0.0,0.0,0.0,0.0,0.0
FR1 5 biomass,45,150.0,1.206978520766538e-6,0.0,149.9999987930215,0.0,0.0,0.0,0.0,0.0,0.0,0.0,0.0
FR1 5 onwind,45,0.0,0.0,1.9473881699369034e-5,1.9473881699369034e-5,0.0,0.0,0.0,0.0,0.0,0.0,0.0,0.0
FR1 5 ror,45,586.9337553,1.8528546702432556e-8,0.0,586.9337552814715,0.0,0.0,0.0,0.0,0.0,0.0,0.0,0.0
FR1 5 solar,45,551.284872,1.413419120323921e-8,1.5576897916267244e-6,551.2848735435556,0.0,0.0,0.0,0.0,0.0,0.0,0.0,0.0
FR1 6 nuclear,46,2620.0,1.9576272364333557e-9,6.409031408116297e-7,2620.000000638946,0.0,0.0,0.0,0.0,0.0,0.0,0.0,0.0
FR1 6 onwind,46,537.765,1.4408429105299884e-8,6.747779038446905e-7,537.7650006603693,0.0,0.0,0.0,0.0,0.0,0.0,0.0,0.0
FR1 6 ror,46,257.0,2.943819244215765e-9,0.0,256.9999999970562,0.0,0.0,0.0,0.0,0.0,0.0,0.0,0.0
FR1 6 solar,46,907.765897,1.557324664261604e-8,1.0836791695986279e-6,907.7658980681059,0.0,0.0,0.0,0.0,0.0,0.0,0.0,0.0
FR1 7 CCGT,47,203.0,8.552243332710224e-7,1.6132381957277588e-7,202.99999930609948,0.0,0.0,0.0,0.0,0.0,0.0,0.0,0.0
FR1 7 nuclear,47,2620.0,1.949234492811608e-9,5678.469626384026,8298.469626382077,0.0,0.0,0.0,0.0,0.0,0.0,0.0,0.0
FR1 7 oil,47,3135.205189,6.4260987243531e-5,0.0,3135.2051247390123,0.0,0.0,0.0,0.0,0.0,0.0,0.0,0.0
FR1 7 onwind,47,2068.57247,1.0814843506404389e-8,6.683714386759204e-7,2068.5724706575566,0.0,0.0,0.0,0.0,0.0,0.0,0.0,0.0
FR1 7 solar,47,169.265738,2.0502062745945356e-8,2.1566674466557964e-7,169.26573819516466,0.0,0.0,0.0,0.0,0.0,0.0,0.0,0.0
FR1 8 offwind-ac,48,0.0,0.0,7.678223733649329e-6,7.678223733649329e-6,0.0,0.0,0.0,0.0,0.0,0.0,0.0,0.0
FR1 8 onwind,48,0.0,0.0,1.8651070447795355e-5,1.8651070447795355e-5,0.0,0.0,0.0,0.0,0.0,0.0,0.0,0.0
FR1 8 ror,48,160.67,6.350445532657187e-8,0.0,160.66999993649551,0.0,0.0,0.0,0.0,0.0,0.0,0.0,0.0
FR1 8 solar,48,578.820436,1.8709752654467594e-8,2.9557558829928674e-7,578.8204362768658,0.0,0.0,0.0,0.0,0.0,0.0,0.0,0.0
FR1 9 CCGT,49,1783.0,1782.9991841928716,2.007873124828057e-6,0.0008178150014970242,0.0,0.0,0.0,0.0,0.0,0.0,0.0,0.0
FR1 9 coal,49,576.2105979,576.2105533547025,0.0,4.4545297561704444e-5,0.0,0.0,0.0,0.0,0.0,0.0,0.0,0.0
FR1 9 nuclear,49,7320.0,2.024228843822296e-9,3.8625661823294285e-6,7320.000003860542,0.0,0.0,0.0,0.0,0.0,0.0,0.0,0.0
FR1 9 onwind,49,106.34,8.910381110670517e-9,19098.833228415693,19205.17322840678,0.0,0.0,0.0,0.0,0.0,0.0,0.0,0.0
FR1 9 ror,49,1628.766878,1.1673467016476286e-7,0.0,1628.7668778832654,0.0,0.0,0.0,0.0,0.0,0.0,0.0,0.0
FR1 9 solar,49,662.404821,1.3969938722280496e-8,10241.378201249214,10903.783022235246,0.0,0.0,0.0,0.0,0.0,0.0,0.0,0.0
GB0 0 onwind,50,134.7,1.1012154988071456e-8,8.025085649520815e-8,134.70000006923868,0.0,0.0,0.0,0.0,0.0,0.0,0.0,0.0
GB0 0 solar,50,605.8,2.2647349683714046e-8,3.898825031632349e-7,605.8000003672352,0.0,0.0,0.0,0.0,0.0,0.0,0.0,0.0
GB0 1 CCGT,51,9825.0,1.8943573866601502e-6,2.2420569134934593e-7,9824.99999832985,0.0,0.0,0.0,0.0,0.0,0.0,0.0,0.0
GB0 1 biomass,51,16.7,5.173624824391845e-7,0.0,16.699999482637516,0.0,0.0,0.0,0.0,0.0,0.0,0.0,0.0
GB0 1 coal,51,7163.450152,7163.450083182855,0.0,6.881714487150248e-5,0.0,0.0,0.0,0.0,0.0,0.0,0.0,0.0
GB0 1 offwind-ac,51,1868.4,9.411648698214045e-9,1.4012289913802666e-6,1868.4000013918173,0.0,0.0,0.0,0.0,0.0,0.0,0.0,0.0
GB0 1 offwind-dc,51,0.0,0.0,2.3225979811822916e-5,2.3225979811822916e-5,0.0,0.0,0.0,0.0,0.0,0.0,0.0,0.0
GB0 1 onwind,51,872.0,8.945502786404228e-9,37213.89306186098,38085.89306185203,0.0,0.0,0.0,0.0,0.0,0.0,0.0,0.0
GB0 1 solar,51,824.1,2.321378103427172e-8,3.260083627926055e-7,824.1000003027946,0.0,0.0,0.0,0.0,0.0,0.0,0.0,0.0
GB0 10 offwind-ac,52,363.0,1.2121284852417494e-8,3.041856825689459e-7,363.0000002920644,0.0,0.0,0.0,0.0,0.0,0.0,0.0,0.0
GB0 10 offwind-dc,52,363.0,5.303290981021809e-9,6.312546942470585e-7,363.0000006259514,0.0,0.0,0.0,0.0,0.0,0.0,0.0,0.0
GB0 10 onwind,52,367.6,1.0040420567171818e-8,6.238526125536057e-7,367.60000061381226,0.0,0.0,0.0,0.0,0.0,0.0,0.0,0.0
GB0 10 ror,52,91.4,2.414281687090837e-8,0.0,91.3999999758572,0.0,0.0,0.0,0.0,0.0,0.0,0.0,0.0
GB0 10 solar,52,68.6,2.2003516645943482e-8,4.586757877606638e-8,68.60000002386406,0.0,0.0,0.0,0.0,0.0,0.0,0.0,0.0
GB0 11 CCGT,53,905.0,904.9944738274656,8.169216011371604e-7,0.005526989455995057,0.0,0.0,0.0,0.0,0.0,0.0,0.0,0.0
GB0 11 OCGT,53,140.0,139.9981400456072,5.569657746125295e-8,0.0018600100894217153,0.0,0.0,0.0,0.0,0.0,0.0,0.0,0.0
GB0 11 offwind-ac,53,0.0,0.0,2.245142603167943e-5,2.245142603167943e-5,0.0,0.0,0.0,0.0,0.0,0.0,0.0,0.0
GB0 11 onwind,53,217.8,8.912513832194385e-9,16744.43617730169,16962.236177292776,0.0,0.0,0.0,0.0,0.0,0.0,0.0,0.0
GB0 11 ror,53,320.0,2.704632438007101e-7,0.0,319.99999972953674,0.0,0.0,0.0,0.0,0.0,0.0,0.0,0.0
GB0 11 solar,53,791.3,2.5420965459885526e-8,2.8453768340144475e-7,791.3000002591167,0.0,0.0,0.0,0.0,0.0,0.0,0.0,0.0
GB0 12 OCGT,54,106.0,105.99909465483613,2.5561954480513307e-8,0.0009053707258205312,0.0,0.0,0.0,0.0,0.0,0.0,0.0,0.0
GB0 12 nuclear,54,1020.0,2.201888317282537e-9,3.2925726880499805e-6,1020.0000032903708,0.0,0.0,0.0,0.0,0.0,0.0,0.0,0.0
GB0 12 offwind-ac,54,598.0,5.636187640976322e-9,3.0407004773640754e-7,598.000000298434,0.0,0.0,0.0,0.0,0.0,0.0,0.0,0.0
GB0 12 offwind-dc,54,0.0,0.0,4645.7334320600885,4645.7334320600885,0.0,0.0,0.0,0.0,0.0,0.0,0.0,0.0
GB0 12 onwind,54,2549.7,8.992043394725917e-9,15640.454478597316,18190.154478588323,0.0,0.0,0.0,0.0,0.0,0.0,0.0,0.0
GB0 12 ror,54,473.9,4.841496474330096e-7,0.0,473.8999995158503,0.0,0.0,0.0,0.0,0.0,0.0,0.0,0.0
GB0 12 solar,54,0.5,2.190920182657992e-8,4.4686411873421e-8,0.5000000227772101,0.0,0.0,0.0,0.0,0.0,0.0,0.0,0.0
GB0 2 CCGT,55,1180.0,264.1885731876016,4.246209079034021e-7,915.8114272370194,0.0,0.0,0.0,0.0,0.0,0.0,0.0,0.0
GB0 2 offwind-ac,55,123.2,1.5258206910086695e-8,9.206936903870764e-8,123.20000007681116,0.0,0.0,0.0,0.0,0.0,0.0,0.0,0.0
GB0 2 onwind,55,1086.1,1.0884032288029377e-8,6.328518519133709e-7,1086.1000006219676,0.0,0.0,0.0,0.0,0.0,0.0,0.0,0.0
GB0 2 solar,55,39.8,1.9118343326337515e-8,5.223395647994358e-8,39.8000000331156,0.0,0.0,0.0,0.0,0.0,0.0,0.0,0.0
GB0 3 CCGT,56,4086.0000000000005,2.2899009751313972e-5,7.707389641295109e-6,4085.99998480838,0.0,0.0,0.0,0.0,0.0,0.0,0.0,0.0
GB0 3 OCGT,56,9.0,8.997358253428168,2.652563321651767e-8,0.002641773097463926,0.0,0.0,0.0,0.0,0.0,0.0,0.0,0.0
GB0 3 biomass,56,35.0,5.697713237403303e-7,0.0,34.999999430228684,0.0,0.0,0.0,0.0,0.0,0.0,0.0,0.0
GB0 3 offwind-ac,56,200.0,5.293758253694845e-9,2.0912211753793002e-7,200.00000020382836,0.0,0.0,0.0,0.0,0.0,0.0,0.0,0.0
GB0 3 offwind-dc,56,200.0,4.807361757429886e-9,1223.58325678026,1423.5832567754528,0.0,0.0,0.0,0.0,0.0,0.0,0.0,0.0
GB0 3 onwind,56,187.7,9.40939777698298e-9,8.512677362653232e-7,187.7000008418583,0.0,0.0,0.0,0.0,0.0,0.0,0.0,0.0
GB0 3 ror,56,11.0,3.9568710922578596e-7,0.0,10.99999960431289,0.0,0.0,0.0,0.0,0.0,0.0,0.0,0.0
GB0 3 solar,56,700.4,1.7326217200546147e-8,3.5993511996590567e-7,700.4000003426089,0.0,0.0,0.0,0.0,0.0,0.0,0.0,0.0
GB0 4 CCGT,57,2703.453007,1.2580570077146847e-5,4.8394316614365745e-6,2703.452999258862,0.0,0.0,0.0,0.0,0.0,0.0,0.0,0.0
GB0 4 coal,57,35.0,34.99997092068292,0.0,2.907931708623357e-5,0.0,0.0,0.0,0.0,0.0,0.0,0.0,0.0
GB0 4 nuclear,57,2433.0,2.028690633452448e-9,5.18967251984929e-8,2433.000000049868,0.0,0.0,0.0,0.0,0.0,0.0,0.0,0.0
GB0 4 offwind-ac,57,2004.2,7.579638521612475e-9,2.1580459792482086e-6,2004.2000021504664,0.0,0.0,0.0,0.0,0.0,0.0,0.0,0.0
GB0 4 onwind,57,352.2,1.1114492120723564e-8,8.473097617661005e-7,352.2000008361953,0.0,0.0,0.0,0.0,0.0,0.0,0.0,0.0
GB0 4 ror,57,85.0,2.787283684480222e-7,0.0,84.99999972127164,0.0,0.0,0.0,0.0,0.0,0.0,0.0,0.0
GB0 4 solar,57,396.8,2.1805707229433997e-8,1.6474298624506708e-7,396.8000001429373,0.0,0.0,0.0,0.0,0.0,0.0,0.0,0.0
GB0 5 CCGT,58,1065.0,95.4909049710488,5.540356315531259e-7,969.5090955829868,0.0,0.0,0.0,0.0,0.0,0.0,0.0,0.0
GB0 5 biomass,58,77.5,5.384095627448926e-7,0.0,77.49999946159043,0.0,0.0,0.0,0.0,0.0,0.0,0.0,0.0
GB0 5 nuclear,58,1250.0,2.133640670872674e-9,6.42327839266164e-7,1250.0000006401942,0.0,0.0,0.0,0.0,0.0,0.0,0.0,0.0
GB0 5 offwind-ac,58,181.0,9.295361994159062e-9,3.1824512219546844e-7,181.00000030894975,0.0,0.0,0.0,0.0,0.0,0.0,0.0,0.0
GB0 5 offwind-dc,58,0.0,0.0,4.557778109624097e-5,4.557778109624097e-5,0.0,0.0,0.0,0.0,0.0,0.0,0.0,0.0
GB0 5 onwind,58,4725.7,9.19358476003555e-9,1.3411452954370728e-5,4725.700013402259,0.0,0.0,0.0,0.0,0.0,0.0,0.0,0.0
GB0 5 ror,58,360.8,9.857473405314498e-7,0.0,360.7999990142527,0.0,0.0,0.0,0.0,0.0,0.0,0.0,0.0
GB0 5 solar,58,85.3,1.8835836214635473e-8,6.501243302171518e-8,85.3000000461766,0.0,0.0,0.0,0.0,0.0,0.0,0.0,0.0
GB0 6 CCGT,59,3601.0,0.0002432262336291591,3.836659224962231e-6,3600.9997606104257,0.0,0.0,0.0,0.0,0.0,0.0,0.0,0.0
GB0 6 OCGT,59,211.1224321,211.1202797415345,2.3883482267357745e-8,0.0021523823489910665,0.0,0.0,0.0,0.0,0.0,0.0,0.0,0.0
GB0 6 coal,59,51.0,50.99997041626955,0.0,2.9583730451476775e-5,0.0,0.0,0.0,0.0,0.0,0.0,0.0,0.0
GB0 6 nuclear,59,1061.0,2.11299071959331e-9,1.2314698921132223e-6,1061.0000012293567,0.0,0.0,0.0,0.0,0.0,0.0,0.0,0.0
GB0 6 offwind-ac,59,0.0,0.0,1.9666038652962796e-5,1.9666038652962796e-5,0.0,0.0,0.0,0.0,0.0,0.0,0.0,0.0
GB0 6 onwind,59,787.4,8.945929258052538e-9,12223.108801003458,13010.508800994514,0.0,0.0,0.0,0.0,0.0,0.0,0.0,0.0
GB0 6 ror,59,40.0,4.635814941069803e-7,0.0,39.99999953641851,0.0,0.0,0.0,0.0,0.0,0.0,0.0,0.0
GB0 6 solar,59,1200.5,2.0983045710577257e-8,1.0504266229850999e-6,1200.5000010294436,0.0,0.0,0.0,0.0,0.0,0.0,0.0,0.0
GB0 7 CCGT,60,4145.0,6.254253385096135e-5,6.475739575001803e-6,4144.999943933206,0.0,0.0,0.0,0.0,0.0,0.0,0.0,0.0
GB0 7 biomass,60,55.8,5.608621450339064e-7,0.0,55.79999943913785,0.0,0.0,0.0,0.0,0.0,0.0,0.0,0.0
GB0 7 nuclear,60,2343.0,2.06090296823598e-9,1.0163648554745882e-7,2343.0000000995756,0.0,0.0,0.0,0.0,0.0,0.0,0.0,0.0
GB0 7 offwind-ac,60,2188.55,7.110912861692611e-9,1.1777994828039662e-6,2188.550001170689,0.0,0.0,0.0,0.0,0.0,0.0,0.0,0.0
GB0 7 offwind-dc,60,1499.75,6.94673317454917e-9,1.3081799512662816e-6,1499.7500013012332,0.0,0.0,0.0,0.0,0.0,0.0,0.0,0.0
GB0 7 onwind,60,237.9,8.916949926730833e-9,40847.83200817162,41085.73200816271,0.0,0.0,0.0,0.0,0.0,0.0,0.0,0.0
GB0 7 solar,60,1217.2,1.71064689448241e-8,2.958511093628116e-7,1217.2000002787447,0.0,0.0,0.0,0.0,0.0,0.0,0.0,0.0
GB0 8 CCGT,61,1008.1,6.660256389163022e-7,1.424253751259571e-6,1008.1000007582281,0.0,0.0,0.0,0.0,0.0,0.0,0.0,0.0
GB0 8 OCGT,61,1559.0,1558.9974130196556,3.81832924018544e-6,0.0025907986735962396,0.0,0.0,0.0,0.0,0.0,0.0,0.0,0.0
GB0 8 offwind-ac,61,0.0,0.0,3.9456916660217e-5,3.9456916660217e-5,0.0,0.0,0.0,0.0,0.0,0.0,0.0,0.0
GB0 8 offwind-dc,61,0.0,0.0,2847.1665003324847,2847.1665003324847,0.0,0.0,0.0,0.0,0.0,0.0,0.0,0.0
GB0 8 oil,61,100.0,2.4214425449532066e-5,0.0,99.99997578557455,0.0,0.0,0.0,0.0,0.0,0.0,0.0,0.0
GB0 8 onwind,61,17.2,8.88346426761968e-9,22999.873431152693,23017.07343114381,0.0,0.0,0.0,0.0,0.0,0.0,0.0,0.0
GB0 8 solar,61,2069.5,1.775772449756753e-8,3.1800937962297363e-6,2069.5000031623363,0.0,0.0,0.0,0.0,0.0,0.0,0.0,0.0
GB0 9 CCGT,62,166.0,1.3925044309776003e-6,1.7797132339472932e-7,165.99999878546691,0.0,0.0,0.0,0.0,0.0,0.0,0.0,0.0
GB0 9 biomass,62,67.3,5.39161453073087e-7,0.0,67.29999946083855,0.0,0.0,0.0,0.0,0.0,0.0,0.0,0.0
GB0 9 coal,62,1843.873913,1843.8738606922566,0.0,5.2307743247936855e-5,0.0,0.0,0.0,0.0,0.0,0.0,0.0,0.0
GB0 9 nuclear,62,1207.0,2.0553738470823575e-9,1.4037204320830886e-6,1207.000001401665,0.0,0.0,0.0,0.0,0.0,0.0,0.0,0.0
GB0 9 offwind-ac,62,103.6,1.1190079638843588e-8,8.2776299020228e-8,103.60000007158622,0.0,0.0,0.0,0.0,0.0,0.0,0.0,0.0
GB0 9 onwind,62,613.1,8.933108728285806e-9,6390.6900143179055,7003.790014308972,0.0,0.0,0.0,0.0,0.0,0.0,0.0,0.0
GB0 9 solar,62,247.2,2.585163124551235e-8,3.682575272602714e-7,247.20000034240587,0.0,0.0,0.0,0.0,0.0,0.0,0.0,0.0
GB5 0 OCGT,63,1200.5,1200.4985997585854,1.3959964229445989e-5,0.0014142013786688779,0.0,0.0,0.0,0.0,0.0,0.0,0.0,0.0
GB5 0 coal,63,521.8163174,521.8162758073634,0.0,4.1592636668141836e-5,0.0,0.0,0.0,0.0,0.0,0.0,0.0,0.0
GB5 0 offwind-ac,63,0.0,0.0,1.8778918207395302e-5,1.8778918207395302e-5,0.0,0.0,0.0,0.0,0.0,0.0,0.0,0.0
GB5 0 offwind-dc,63,0.0,0.0,2494.421799667476,2494.421799667476,0.0,0.0,0.0,0.0,0.0,0.0,0.0,0.0
GB5 0 onwind,63,1178.2,8.961781741709951e-9,1527.5196305282711,2705.7196305193097,0.0,0.0,0.0,0.0,0.0,0.0,0.0,0.0
GB5 0 ror,63,100.0,1.8756173847547615e-7,0.0,99.99999981243826,0.0,0.0,0.0,0.0,0.0,0.0,0.0,0.0
GB5 0 solar,63,209.3,1.8442831641431314e-8,2.393804387435053e-7,209.30000022093762,0.0,0.0,0.0,0.0,0.0,0.0,0.0,0.0
IT1 0 CCGT,64,5258.0,4669.360433394815,3.728019190721688e-6,588.6395703332034,0.0,0.0,0.0,0.0,0.0,0.0,0.0,0.0
IT1 0 OCGT,64,224.0,223.9994999434794,5.732786607508548e-7,0.0005006297992826703,0.0,0.0,0.0,0.0,0.0,0.0,0.0,0.0
IT1 0 biomass,64,46.0,4.862821048968839e-7,0.0,45.999999513717896,0.0,0.0,0.0,0.0,0.0,0.0,0.0,0.0
IT1 0 onwind,64,0.0,0.0,3.65762378382543e-5,3.65762378382543e-5,0.0,0.0,0.0,0.0,0.0,0.0,0.0,0.0
IT1 0 ror,64,535.0,6.209449685168281e-8,0.0,534.9999999379055,0.0,0.0,0.0,0.0,0.0,0.0,0.0,0.0
IT1 0 solar,64,0.0,0.0,9.783805719405789e-5,9.783805719405789e-5,0.0,0.0,0.0,0.0,0.0,0.0,0.0,0.0
IT1 1 CCGT,65,5349.0,2894.8350623904375,7.304395165090203e-6,2454.1649449139577,0.0,0.0,0.0,0.0,0.0,0.0,0.0,0.0
IT1 1 OCGT,65,1865.0,1864.9872947046085,1.1768903487949265e-6,0.012706472281909242,0.0,0.0,0.0,0.0,0.0,0.0,0.0,0.0
IT1 1 biomass,65,82.0,5.680773288856757e-7,0.0,81.99999943192267,0.0,0.0,0.0,0.0,0.0,0.0,0.0,0.0
IT1 1 coal,65,13.0,12.999968621253817,0.0,3.1378746183016726e-5,0.0,0.0,0.0,0.0,0.0,0.0,0.0,0.0
IT1 1 geothermal,65,18.0,2.1620702668084662e-9,0.0,17.99999999783793,0.0,0.0,0.0,0.0,0.0,0.0,0.0,0.0
IT1 1 oil,65,15.0,3.185466482281748e-5,0.0,14.999968145335178,0.0,0.0,0.0,0.0,0.0,0.0,0.0,0.0
IT1 1 onwind,65,0.0,0.0,1.390301396696035e-5,1.390301396696035e-5,0.0,0.0,0.0,0.0,0.0,0.0,0.0,0.0
IT1 1 ror,65,921.03,1.212361042258311e-7,0.0,921.0299998787639,0.0,0.0,0.0,0.0,0.0,0.0,0.0,0.0
IT1 1 solar,65,0.0,0.0,21349.218971518327,21349.218971518327,0.0,0.0,0.0,0.0,0.0,0.0,0.0,0.0
IT1 10 CCGT,66,348.0,7.335017319127486e-7,6.89324323327864e-7,347.99999995582255,0.0,0.0,0.0,0.0,0.0,0.0,0.0,0.0
IT1 10 OCGT,66,1974.0,1973.9582711790054,1.2277998222115752e-6,0.04173004879448605,0.0,0.0,0.0,0.0,0.0,0.0,0.0,0.0
IT1 10 biomass,66,193.0,6.501155145686077e-7,0.0,192.9999993498845,0.0,0.0,0.0,0.0,0.0,0.0,0.0,0.0
IT1 10 coal,66,611.1621739,611.1621287222553,0.0,4.5177744656399454e-5,0.0,0.0,0.0,0.0,0.0,0.0,0.0,0.0
IT1 10 geothermal,66,272.0,3.196892653584822e-6,0.0,271.99999680310736,0.0,0.0,0.0,0.0,0.0,0.0,0.0,0.0
IT1 10 offwind-ac,66,0.0,0.0,1.2946116562143585e-5,1.2946116562143585e-5,0.0,0.0,0.0,0.0,0.0,0.0,0.0,0.0
IT1 10 oil,66,16.0,2.9152676410590287e-5,0.0,15.999970847323588,0.0,0.0,0.0,0.0,0.0,0.0,0.0,0.0
IT1 10 onwind,66,6.0,4.0490155925037826e-8,1.336545407448408e-8,5.999999972875298,0.0,0.0,0.0,0.0,0.0,0.0,0.0,0.0
IT1 10 ror,66,235.0,6.707957203649092e-8,0.0,234.99999993292042,0.0,0.0,0.0,0.0,0.0,0.0,0.0,0.0
IT1 10 solar,66,92.78299,1.3948121426777874e-8,19973.54802451565,20066.331014501702,0.0,0.0,0.0,0.0,0.0,0.0,0.0,0.0
IT1 11 CCGT,67,2298.0,2.517185568347472e-5,2.5423133848553856e-6,2297.9999773704576,0.0,0.0,0.0,0.0,0.0,0.0,0.0,0.0
IT1 11 OCGT,67,3080.0,1572.3824154277736,4.6628938500077065e-6,1507.6175892351205,0.0,0.0,0.0,0.0,0.0,0.0,0.0,0.0
IT1 11 biomass,67,107.0,3.520772679603032e-7,0.0,106.99999964792272,0.0,0.0,0.0,0.0,0.0,0.0,0.0,0.0
IT1 11 geothermal,67,18.0,2.2636259157577492e-10,0.0,17.999999999773635,0.0,0.0,0.0,0.0,0.0,0.0,0.0,0.0
IT1 11 offwind-ac,67,0.0,0.0,1.3458231816462914e-5,1.3458231816462914e-5,0.0,0.0,0.0,0.0,0.0,0.0,0.0,0.0
IT1 11 offwind-dc,67,0.0,0.0,2.2001673144606348e-5,2.2001673144606348e-5,0.0,0.0,0.0,0.0,0.0,0.0,0.0,0.0
IT1 11 onwind,67,0.0,0.0,3.702242918446452e-5,3.702242918446452e-5,0.0,0.0,0.0,0.0,0.0,0.0,0.0,0.0
IT1 11 ror,67,13.0,2.3227168281628642e-8,0.0,12.99999997677283,0.0,0.0,0.0,0.0,0.0,0.0,0.0,0.0
IT1 11 solar,67,0.0,0.0,0.0002979239057278627,0.0002979239057278627,0.0,0.0,0.0,0.0,0.0,0.0,0.0,0.0
IT1 2 CCGT,68,297.0,2.1333748998514503e-7,4.6737947884982133e-7,297.00000025404194,0.0,0.0,0.0,0.0,0.0,0.0,0.0,0.0
IT1 2 OCGT,68,140.0,139.99059180325509,2.759041650509944e-8,0.009408224335344384,0.0,0.0,0.0,0.0,0.0,0.0,0.0,0.0
IT1 2 offwind-ac,68,0.0,0.0,1.0811041267708038e-5,1.0811041267708038e-5,0.0,0.0,0.0,0.0,0.0,0.0,0.0,0.0
IT1 2 onwind,68,0.0,0.0,1.0717971107293813e-5,1.0717971107293813e-5,0.0,0.0,0.0,0.0,0.0,0.0,0.0,0.0
IT1 2 ror,68,179.0,1.2383152694106828e-8,0.0,178.99999998761683,0.0,0.0,0.0,0.0,0.0,0.0,0.0,0.0
IT1 2 solar,68,0.0,0.0,4673.792414780215,4673.792414780215,0.0,0.0,0.0,0.0,0.0,0.0,0.0,0.0
IT1 3 CCGT,69,950.0,3.1190962907183e-7,1.5748266768413084e-6,950.0000012629171,0.0,0.0,0.0,0.0,0.0,0.0,0.0,0.0
IT1 3 OCGT,69,60.0,2.7109503917587163e-6,3.1946725415450394e-8,59.99999732099633,0.0,0.0,0.0,0.0,0.0,0.0,0.0,0.0
IT1 3 coal,69,1209.581287,1209.5812361452752,0.0,5.085472487564857e-5,0.0,0.0,0.0,0.0,0.0,0.0,0.0,0.0
IT1 3 offwind-ac,69,0.0,0.0,1.2273286174179462e-5,1.2273286174179462e-5,0.0,0.0,0.0,0.0,0.0,0.0,0.0,0.0
IT1 3 onwind,69,0.0,0.0,9.327920338845079e-6,9.327920338845079e-6,0.0,0.0,0.0,0.0,0.0,0.0,0.0,0.0
IT1 3 ror,69,696.0,2.7250349954923654e-8,0.0,695.9999999727496,0.0,0.0,0.0,0.0,0.0,0.0,0.0,0.0
IT1 3 solar,69,0.0,0.0,13486.932122112099,13486.932122112099,0.0,0.0,0.0,0.0,0.0,0.0,0.0,0.0
IT1 4 CCGT,70,4965.0,1.2063144889710828e-5,6.324186075188955e-6,4964.999994261041,0.0,0.0,0.0,0.0,0.0,0.0,0.0,0.0
IT1 4 OCGT,70,3620.0,3619.9949780538577,8.379179506456442e-6,0.005030325322064044,0.0,0.0,0.0,0.0,0.0,0.0,0.0,0.0
IT1 4 biomass,70,325.0,7.346928422170731e-7,0.0,324.99999926530717,0.0,0.0,0.0,0.0,0.0,0.0,0.0,0.0
IT1 4 coal,70,3813.725717,3813.725653347088,0.0,6.365291138621387e-5,0.0,0.0,0.0,0.0,0.0,0.0,0.0,0.0
IT1 4 geothermal,70,389.0,3.7978082385319336e-6,0.0,388.99999620219177,0.0,0.0,0.0,0.0,0.0,0.0,0.0,0.0
IT1 4 offwind-ac,70,0.0,0.0,6.819598309459705e-6,6.819598309459705e-6,0.0,0.0,0.0,0.0,0.0,0.0,0.0,0.0
IT1 4 oil,70,8.0,4.0923130667379146e-5,0.0,7.999959076869333,0.0,0.0,0.0,0.0,0.0,0.0,0.0,0.0
IT1 4 onwind,70,0.0,0.0,2.798829212657657e-5,2.798829212657657e-5,0.0,0.0,0.0,0.0,0.0,0.0,0.0,0.0
IT1 4 ror,70,766.0,1.0868071372916083e-7,0.0,765.9999998913192,0.0,0.0,0.0,0.0,0.0,0.0,0.0,0.0
IT1 4 solar,70,0.0,0.0,18037.548156579956,18037.548156579956,0.0,0.0,0.0,0.0,0.0,0.0,0.0,0.0
IT1 5 CCGT,71,2548.0,2547.9950287916336,1.4538498856966932e-5,0.004985746865138196,0.0,0.0,0.0,0.0,0.0,0.0,0.0,0.0
IT1 5 OCGT,71,3361.7,3361.6935556779567,1.644956614917139e-5,0.006460771609262395,0.0,0.0,0.0,0.0,0.0,0.0,0.0,0.0
IT1 5 biomass,71,28.0,8.561397016247426e-7,0.0,27.9999991438603,0.0,0.0,0.0,0.0,0.0,0.0,0.0,0.0
IT1 5 geothermal,71,17.0,3.8480834853442125e-9,0.0,16.999999996151917,0.0,0.0,0.0,0.0,0.0,0.0,0.0,0.0
IT1 5 onwind,71,0.0,0.0,1.3811719954576452e-5,1.3811719954576452e-5,0.0,0.0,0.0,0.0,0.0,0.0,0.0,0.0
IT1 5 ror,71,2138.3,1.1256363400435604e-7,0.0,2138.2999998874366,0.0,0.0,0.0,0.0,0.0,0.0,0.0,0.0
IT1 5 solar,71,0.0,0.0,16132.412345980125,16132.412345980125,0.0,0.0,0.0,0.0,0.0,0.0,0.0,0.0
IT1 6 CCGT,72,5555.0,5095.413356731118,8.494084122054053e-6,459.5866517629661,0.0,0.0,0.0,0.0,0.0,0.0,0.0,0.0
IT1 6 OCGT,72,99.0,98.99936089820795,2.895322929357016e-7,0.0006393913243446514,0.0,0.0,0.0,0.0,0.0,0.0,0.0,0.0
IT1 6 biomass,72,85.0,5.110747776244882e-7,0.0,84.99999948892523,0.0,0.0,0.0,0.0,0.0,0.0,0.0,0.0
IT1 6 offwind-ac,72,0.0,0.0,2.4348718644172828e-5,2.4348718644172828e-5,0.0,0.0,0.0,0.0,0.0,0.0,0.0,0.0
IT1 6 onwind,72,0.0,0.0,1.725783645461627e-5,1.725783645461627e-5,0.0,0.0,0.0,0.0,0.0,0.0,0.0,0.0
IT1 6 ror,72,242.0,4.4259995528001735e-8,0.0,241.99999995574,0.0,0.0,0.0,0.0,0.0,0.0,0.0,0.0
IT1 6 solar,72,0.0,0.0,14787.924835090354,14787.924835090354,0.0,0.0,0.0,0.0,0.0,0.0,0.0,0.0
IT1 7 CCGT,73,2116.0,2115.976105190906,3.0049865989553514e-6,0.023897814080520163,0.0,0.0,0.0,0.0,0.0,0.0,0.0,0.0
IT1 7 OCGT,73,66.0,65.99948248403476,1.237766677175031e-7,0.0005176397419176526,0.0,0.0,0.0,0.0,0.0,0.0,0.0,0.0
IT1 7 coal,73,2815.474826,2815.4747667049483,0.0,5.929505153545733e-5,0.0,0.0,0.0,0.0,0.0,0.0,0.0,0.0
IT1 7 offwind-ac,73,0.0,0.0,1.0775371289588526e-5,1.0775371289588526e-5,0.0,0.0,0.0,0.0,0.0,0.0,0.0,0.0
IT1 7 onwind,73,0.0,0.0,23055.567255087375,23055.567255087375,0.0,0.0,0.0,0.0,0.0,0.0,0.0,0.0
IT1 7 ror,73,11.0,7.836416601355266e-9,0.0,10.999999992163582,0.0,0.0,0.0,0.0,0.0,0.0,0.0,0.0
IT1 7 solar,73,0.0,0.0,8521.265073289216,8521.265073289216,0.0,0.0,0.0,0.0,0.0,0.0,0.0,0.0
IT1 8 CCGT,74,3057.0,2994.768586496245,8.359803657594902e-6,62.23142186355845,0.0,0.0,0.0,0.0,0.0,0.0,0.0,0.0
IT1 8 OCGT,74,144.0,143.99951499910165,3.994677236893712e-7,0.00048540036606814496,0.0,0.0,0.0,0.0,0.0,0.0,0.0,0.0
IT1 8 biomass,74,18.0,4.2012870408435067e-7,0.0,17.999999579871297,0.0,0.0,0.0,0.0,0.0,0.0,0.0,0.0
IT1 8 offwind-ac,74,0.0,0.0,3.1975014417276676e-5,3.1975014417276676e-5,0.0,0.0,0.0,0.0,0.0,0.0,0.0,0.0
IT1 8 oil,74,866.0,865.9968603147236,0.0,0.003139685276432047,0.0,0.0,0.0,0.0,0.0,0.0,0.0,0.0
IT1 8 onwind,74,0.0,0.0,9791.924613133098,9791.924613133098,0.0,0.0,0.0,0.0,0.0,0.0,0.0,0.0
IT1 8 ror,74,8.0,2.340880308466054e-8,0.0,7.999999976591197,0.0,0.0,0.0,0.0,0.0,0.0,0.0,0.0
IT1 8 solar,74,0.0,0.0,29981.512238002808,29981.512238002808,0.0,0.0,0.0,0.0,0.0,0.0,0.0,0.0
IT1 9 CCGT,75,4295.0,0.0005121979113753644,5.953931353910618e-6,4294.99949375602,0.0,0.0,0.0,0.0,0.0,0.0,0.0,0.0
IT1 9 biomass,75,59.0,6.053861859381407e-7,0.0,58.99999939461381,0.0,0.0,0.0,0.0,0.0,0.0,0.0,0.0
IT1 9 coal,75,110.2405578,110.24052433938503,0.0,3.346061497322417e-5,0.0,0.0,0.0,0.0,0.0,0.0,0.0,0.0
IT1 9 geothermal,75,52.0,2.141994860161396e-9,0.0,51.999999997858005,0.0,0.0,0.0,0.0,0.0,0.0,0.0,0.0
IT1 9 onwind,75,0.0,0.0,1.4388918306994411e-5,1.4388918306994411e-5,0.0,0.0,0.0,0.0,0.0,0.0,0.0,0.0
IT1 9 ror,75,2622.26,9.07565877501332e-9,0.0,2622.2599999909244,0.0,0.0,0.0,0.0,0.0,0.0,0.0,0.0
IT1 9 solar,75,0.0,0.0,16961.300885338147,16961.300885338147,0.0,0.0,0.0,0.0,0.0,0.0,0.0,0.0
IT3 0 biomass,76,69.0,5.070320753024897e-7,0.0,68.99999949296793,0.0,0.0,0.0,0.0,0.0,0.0,0.0,0.0
IT3 0 coal,76,2410.458765,2410.4587086207416,0.0,5.637925859502957e-5,0.0,0.0,0.0,0.0,0.0,0.0,0.0,0.0
IT3 0 offwind-ac,76,0.0,0.0,1.3643737427689892e-5,1.3643737427689892e-5,0.0,0.0,0.0,0.0,0.0,0.0,0.0,0.0
IT3 0 oil,76,230.0,4.181096561820578e-5,0.0,229.9999581890344,0.0,0.0,0.0,0.0,0.0,0.0,0.0,0.0
IT3 0 onwind,76,0.0,0.0,9247.649555335869,9247.649555335869,0.0,0.0,0.0,0.0,0.0,0.0,0.0,0.0
IT3 0 ror,76,31.0,9.382591631484302e-9,0.0,30.999999990617408,0.0,0.0,0.0,0.0,0.0,0.0,0.0,0.0
IT3 0 solar,76,32.14796,1.3917325688221972e-8,17674.840638787224,17706.988598773307,0.0,0.0,0.0,0.0,0.0,0.0,0.0,0.0
DE1 0 PHS,1,109.0,8.39367393612588e-6,0.0,108.99999160632606,654.0,5.0362043616755285e-5,0.0,653.9999496379564,0.0,0.0,0.0,0.0
DE1 1 PHS,2,3725.0,1.1265377538006937e-5,0.0,3724.9999887346225,22350.0,6.759226522804162e-5,0.0,22349.999932407736,0.0,0.0,0.0,0.0
DE1 1 hydro,2,392.0,1.95565099556855e-7,0.0,391.9999998044349,108737.8641,0.0,0.0,108737.8641,0.0,0.0,0.0,0.0
DE1 11 PHS,4,3539.8,7.436360221022996e-6,0.0,3539.7999925636395,21238.8,4.46181577734243e-5,0.0,21238.79995538184,0.0,0.0,0.0,0.0
DE1 12 PHS,5,90.0,3.982710256045364e-6,0.0,89.99999601728973,540.0,2.3896261536272182e-5,0.0,539.9999761037385,0.0,0.0,0.0,0.0
DE1 12 hydro,5,45.5,9.496885976982687e-8,0.0,45.49999990503114,12621.35922,0.0,0.0,12621.35922,0.0,0.0,0.0,0.0
DE1 13 PHS,6,167.1,7.831594228832002e-6,0.0,167.09999216840578,1002.5999999999999,4.6989565372992015e-5,0.0,1002.5999530104345,0.0,0.0,0.0,0.0
DE1 14 PHS,7,479.5,8.64689466850159e-6,0.0,479.4999913531053,2877.0,5.188136801100954e-5,0.0,2876.999948118632,0.0,0.0,0.0,0.0
DE1 15 PHS,8,220.0,1.0380816877865693e-5,0.0,219.99998961918314,1320.0,6.228490126719415e-5,0.0,1319.999937715099,0.0,0.0,0.0,0.0
DE1 18 hydro,11,500.0,3.635889609037302e-7,0.0,499.9999996364111,138696.2552,0.0,0.0,138696.2552,0.0,0.0,0.0,0.0
DE1 19 PHS,12,1220.0,8.606483646456236e-6,0.0,1219.9999913935162,7320.0,5.163890187873742e-5,0.0,7319.999948361098,0.0,0.0,0.0,0.0
DE1 2 PHS,13,307.42,1.0590821545148737e-5,0.0,307.41998940917847,1844.52,6.354492904884782e-5,0.0,1844.5199364550708,0.0,0.0,0.0,0.0
DE1 4 PHS,15,92.0,5.036435730477446e-6,0.0,91.99999496356428,552.0,3.021861438286468e-5,0.0,551.9999697813856,0.0,0.0,0.0,0.0
DE1 4 hydro,15,124.0,3.616424859239225e-7,0.0,123.99999963835752,34396.67129,0.0,0.0,34396.67129,0.0,0.0,0.0,0.0
DE1 5 PHS,16,260.0,7.813581096914822e-6,0.0,259.9999921864189,1560.0,4.688148658148893e-5,0.0,1559.9999531185135,0.0,0.0,0.0,0.0
DE1 6 PHS,17,999.8,8.547282408724862e-6,0.0,999.7999914527174,5998.8,5.128369534052759e-5,0.0,5998.799948716304,0.0,0.0,0.0,0.0
DE1 7 PHS,18,164.0,1.0466468761153078e-5,0.0,163.99998953353122,984.0,6.279881256691846e-5,0.0,983.9999372011874,0.0,0.0,0.0,0.0
DE1 9 PHS,20,480.0,3.870317539446336e-6,0.0,479.9999961296824,2880.0,2.3221905236678013e-5,0.0,2879.9999767780946,0.0,0.0,0.0,0.0
DE1 9 hydro,20,20.0,1.4013467765304009e-7,0.0,19.999999859865323,5547.850208,0.0,0.0,5547.850208,0.0,0.0,0.0,0.0
ES1 0 PHS,21,2252.43,1.6022388181855041e-6,0.0,2252.429998397761,3.15605e6,0.0027408481039171515,0.0,3.156049997259152e6,0.0,0.0,0.0,0.0
ES1 0 hydro,21,1581.77,2.695746724919302e-7,0.0,1581.7699997304253,2.335212011e6,0.0,0.0,2.335212011e6,0.0,0.0,0.0,0.0
ES1 1 PHS,22,89.0,3.5885586667445276e-6,0.0,88.99999641144133,534.0,2.1531352000467166e-5,0.0,533.999978468648,0.0,0.0,0.0,0.0
ES1 1 hydro,22,887.8,4.021412607720133e-7,0.0,887.7999995978587,1.636233119e6,0.0,0.0,1.636233119e6,0.0,0.0,0.0,0.0
ES1 2 PHS,23,836.272,5.9277411916201815e-6,0.0,836.2719940722588,80610.24,5724.597885427041,0.0,74885.64211457295,0.0,0.0,0.0,0.0
ES1 2 hydro,23,136.0,1.50652156677712e-7,0.0,135.99999984934786,440790.2812,0.0,0.0,440790.2812,0.0,0.0,0.0,0.0
ES1 3 hydro,24,498.89,2.9697798003211105e-7,0.0,498.889999703022,1.048619734e6,0.0,0.0,1.048619734e6,0.0,0.0,0.0,0.0
ES1 4 PHS,25,766.1,8.495193220798297e-7,0.0,766.0999991504807,30864.6,3.766939072455947e-5,0.0,30864.59996233061,0.0,0.0,0.0,0.0
ES1 4 hydro,25,542.055,2.214208361420461e-7,0.0,542.054999778579,1.44404903e6,0.0,0.0,1.44404903e6,0.0,0.0,0.0,0.0
ES1 5 PHS,26,423.0,3.910094788209188e-6,0.0,422.9999960899052,2538.0,2.3460568729255126e-5,0.0,2537.9999765394314,0.0,0.0,0.0,0.0
ES1 5 hydro,26,326.0,2.235647482049065e-7,0.0,325.9999997764353,818983.6694,0.0,0.0,818983.6694,0.0,0.0,0.0,0.0
ES1 6 PHS,27,720.4,5.050581904750479e-6,0.0,720.399994949418,4322.4,3.0303491428502876e-5,0.0,4322.399969696508,0.0,0.0,0.0,0.0
ES1 6 hydro,27,379.7,1.9412665821995183e-7,0.0,379.69999980587335,668733.3728,0.0,0.0,668733.3728,0.0,0.0,0.0,0.0
ES1 7 PHS,28,1178.0,3.689922550890962e-6,0.0,1177.9999963100774,7068.0,2.213953530534577e-5,0.0,7067.999977860464,0.0,0.0,0.0,0.0
ES1 7 hydro,28,2098.52,5.396053971167251e-7,0.0,2098.519999460395,3.881138629e6,0.0,0.0,3.881138629e6,0.0,0.0,0.0,0.0
ES1 8 PHS,29,592.61,1.112133815935252e-8,0.0,592.6099999888786,666073.66,56903.529943298505,0.0,609170.1300567015,0.0,0.0,0.0,0.0
ES1 8 hydro,29,3378.7,2.684400214030521e-7,0.0,3378.6999997315597,6.126240155e6,0.0,0.0,6.126240155e6,0.0,0.0,0.0,0.0
FR1 0 PHS,31,1062.3,1.1170944622789554e-5,0.0,1062.2999888290553,6373.8,6.702566773673733e-5,0.0,6373.7999329743325,0.0,0.0,0.0,0.0
FR1 0 hydro,31,861.0828025,4.854680214497353e-7,0.0,861.0828020145319,1.012146952e6,0.0,0.0,1.012146952e6,0.0,0.0,0.0,0.0
FR1 1 PHS,32,485.0,3.0522975247627683e-6,0.0,484.99999694770247,2910.0,1.831378514857661e-5,0.0,2909.999981686215,0.0,0.0,0.0,0.0
FR1 1 hydro,32,1662.958599,4.7473868804953833e-7,0.0,1662.9585985252613,1.948832998e6,0.0,0.0,1.948832998e6,0.0,0.0,0.0,0.0
FR1 10 PHS,33,808.0,6.6451038289136835e-6,0.0,807.9999933548962,4848.0,3.987062208530368e-5,0.0,4847.9999601293775,0.0,0.0,0.0,0.0
FR1 10 hydro,33,132.3,2.0930697252831032e-7,0.0,132.29999979069305,155510.064,0.0,0.0,155510.064,0.0,0.0,0.0,0.0
FR1 12 PHS,35,921.0,4.287818474847092e-6,0.0,920.9999957121817,5526.0,2.5726910849082554e-5,0.0,5525.999974273089,0.0,0.0,0.0,0.0
FR1 12 hydro,35,1358.41465,4.786902091420589e-7,0.0,1358.4146495213097,1.596728263e6,0.0,0.0,1.596728263e6,0.0,0.0,0.0,0.0
FR1 16 hydro,39,443.9490446,4.1426031928245505e-7,0.0,443.94904418573964,521833.2907,0.0,0.0,521833.2907,0.0,0.0,0.0,0.0
FR1 18 hydro,41,968.3388535,5.027355038183608e-7,0.0,968.3388529972646,1.138219479e6,0.0,0.0,1.138219479e6,0.0,0.0,0.0,0.0
FR1 5 PHS,45,1700.0,1.1902076607122568e-5,0.0,1699.9999880979233,10200.0,7.14124596427354e-5,0.0,10199.99992858754,0.0,0.0,0.0,0.0
FR1 5 hydro,45,1275.675159,4.4896901643355213e-7,0.0,1275.6751585510308,1.499473361e6,0.0,0.0,1.499473361e6,0.0,0.0,0.0,0.0
FR1 6 hydro,46,477.988535,3.838837502492248e-7,0.0,477.9885346161162,561844.5026,0.0,0.0,561844.5026,0.0,0.0,0.0,0.0
FR1 8 hydro,48,707.6687898,2.1075792131760302e-7,0.0,707.668789589242,831818.7364,0.0,0.0,831818.7364,0.0,0.0,0.0,0.0
FR1 9 hydro,49,342.0,5.528873967391384e-7,0.0,341.9999994471126,401998.805,0.0,0.0,401998.805,0.0,0.0,0.0,0.0
GB0 10 PHS,52,2160.0,1.0022911279677195e-5,0.0,2159.9999899770887,12960.0,6.0137467678063164e-5,0.0,12959.999939862533,0.0,0.0,0.0,0.0
GB0 12 PHS,54,440.0,2.869482554399149e-6,0.0,439.99999713051744,2640.0,1.7216895326394894e-5,0.0,2639.9999827831048,0.0,0.0,0.0,0.0
GB0 12 hydro,54,203.3,1.4473277996614219e-7,0.0,203.29999985526723,200000.0,0.0,0.0,200000.0,0.0,0.0,0.0,0.0
IT1 0 PHS,64,35.0,1.3048855156792637e-6,0.0,34.999998695114485,210.0,7.829313066320007e-6,0.0,209.99999217068694,0.0,0.0,0.0,0.0
IT1 0 hydro,64,313.0,2.9537920304510467e-7,0.0,312.9999997046208,494512.3073,0.0,0.0,494512.3073,0.0,0.0,0.0,0.0
IT1 1 PHS,65,1683.0,2.3010603127592713e-6,0.0,1682.9999976989398,10098.0,1.3806361876555627e-5,0.0,10097.999986193638,0.0,0.0,0.0,0.0
IT1 1 hydro,65,174.0,8.264919318979054e-8,0.0,173.9999999173508,274904.6053,0.0,0.0,274904.6053,0.0,0.0,0.0,0.0
IT1 10 PHS,66,281.0,1.5812368699551773e-6,0.0,280.99999841876314,1686.0,9.487420997686457e-6,0.0,1685.999990512579,0.0,0.0,0.0,0.0
IT1 10 hydro,66,192.8031847,4.425801425082035e-7,0.0,192.80318425741984,266994.3781,0.0,0.0,266994.3781,0.0,0.0,0.0,0.0
IT1 2 PHS,68,559.0,1.8826583388301489e-6,0.0,558.9999981173416,2600.0,8.587550488567378e-6,0.0,2599.9999914124496,0.0,0.0,0.0,0.0
IT1 2 hydro,68,598.96,1.625192079355539e-7,0.0,598.9599998374808,946303.807,0.0,0.0,946303.807,0.0,0.0,0.0,0.0
IT1 3 PHS,69,210.0,1.6797912665116662e-6,0.0,209.9999983202087,1260.0,1.0078747599069997e-5,0.0,1259.9999899212523,0.0,0.0,0.0,0.0
IT1 3 hydro,69,366.1,2.4955691704481403e-7,0.0,366.0999997504431,578405.6093,0.0,0.0,578405.6093,0.0,0.0,0.0,0.0
IT1 4 PHS,70,275.0,1.7919551060975432e-6,0.0,274.99999820804493,1650.0,1.0751730414540655e-5,0.0,1649.9999892482695,0.0,0.0,0.0,0.0
IT1 4 hydro,70,448.0,1.3232885724089977e-7,0.0,447.99999986767114,707800.3632,0.0,0.0,707800.3632,0.0,0.0,0.0,0.0
IT1 5 PHS,71,2378.0,3.0080354387195277e-6,0.0,2377.9999969919645,24744.0,4.203975893707276e-5,0.0,24743.99995796024,0.0,0.0,0.0,0.0
IT1 5 hydro,71,727.5,2.440789197181498e-7,0.0,727.4999997559212,1.149385634e6,0.0,0.0,1.149385634e6,0.0,0.0,0.0,0.0
IT1 6 PHS,72,1118.0,1.7978776366448936e-6,0.0,1117.9999982021225,6708.0,1.0787265819869363e-5,0.0,6707.999989212734,0.0,0.0,0.0,0.0
IT1 6 hydro,72,53.0,2.41741517442062e-7,0.0,52.99999975825848,83735.31082,0.0,0.0,83735.31082,0.0,0.0,0.0,0.0
IT1 7 hydro,73,39.0,1.4645502506720937e-7,0.0,38.99999985354498,61616.54947,0.0,0.0,61616.54947,0.0,0.0,0.0,0.0
IT1 8 PHS,74,580.0,1.5013360154016764e-6,0.0,579.9999984986639,3480.0,9.008016536499269e-6,0.0,3479.9999909919834,0.0,0.0,0.0,0.0
IT1 8 hydro,74,69.0,4.2423114218539375e-7,0.0,68.99999957576887,109013.8952,0.0,0.0,109013.8952,0.0,0.0,0.0,0.0
IT1 9 PHS,75,1632.9,2.3959581638985495e-6,0.0,1632.899997604042,9797.4,1.4375748983391298e-5,0.0,9797.399985624252,0.0,0.0,0.0,0.0
IT1 9 hydro,75,1787.0,3.9588727702651383e-7,0.0,1786.9999996041126,2.823301895e6,0.0,0.0,2.823301895e6,0.0,0.0,0.0,0.0
IT3 0 hydro,76,175.3785987,4.813024205108803e-7,0.0,175.3785982186976,260111.40539999996,0.0,0.0,260111.40539999996,0.0,0.0,0.0,0.0
DE1 0 battery,1,0.0,0.0,9.5353133445031e-5,9.5353133445031e-5,0.0,0.0,0.00017420923950181883,0.00017420923950181883,0.0,0.0,0.0,0.0
DE1 1 battery,2,0.0,0.0,8.989896375800629e-5,8.989896375800629e-5,0.0,0.0,0.0001636369693593604,0.0001636369693593604,0.0,0.0,0.0,0.0
DE1 10 battery,3,0.0,0.0,9.909116909609131e-5,9.909116909609131e-5,0.0,0.0,0.00018456476525973345,0.00018456476525973345,0.0,0.0,0.0,0.0
DE1 11 battery,4,0.0,0.0,9.38961936145958e-5,9.38961936145958e-5,0.0,0.0,0.00017068787541505158,0.00017068787541505158,0.0,0.0,0.0,0.0
DE1 12 battery,5,0.0,0.0,9.463613990932298e-5,9.463613990932298e-5,0.0,0.0,0.0001732567675305828,0.0001732567675305828,0.0,0.0,0.0,0.0
DE1 13 battery,6,0.0,0.0,9.747945926601521e-5,9.747945926601521e-5,0.0,0.0,0.00018319169491429863,0.00018319169491429863,0.0,0.0,0.0,0.0
DE1 14 battery,7,0.0,0.0,9.392929020084893e-5,9.392929020084893e-5,0.0,0.0,0.00017587433850881778,0.00017587433850881778,0.0,0.0,0.0,0.0
DE1 15 battery,8,0.0,0.0,9.301439900860314e-5,9.301439900860314e-5,0.0,0.0,0.00016816381062187015,0.00016816381062187015,0.0,0.0,0.0,0.0
DE1 16 battery,9,0.0,0.0,9.859413488459674e-5,9.859413488459674e-5,0.0,0.0,0.00018333762917777265,0.00018333762917777265,0.0,0.0,0.0,0.0
DE1 17 battery,10,0.0,0.0,9.464112178630065e-5,9.464112178630065e-5,0.0,0.0,0.00017804908351257937,0.00017804908351257937,0.0,0.0,0.0,0.0
DE1 18 battery,11,0.0,0.0,9.558172087223509e-5,9.558172087223509e-5,0.0,0.0,0.00017505530037894836,0.00017505530037894836,0.0,0.0,0.0,0.0
DE1 19 battery,12,0.0,0.0,9.286988555678881e-5,9.286988555678881e-5,0.0,0.0,0.00017412469014603876,0.00017412469014603876,0.0,0.0,0.0,0.0
DE1 2 battery,13,0.0,0.0,9.193065185705147e-5,9.193065185705147e-5,0.0,0.0,0.00016688175331902615,0.00016688175331902615,0.0,0.0,0.0,0.0
DE1 3 battery,14,0.0,0.0,9.517698634086892e-5,9.517698634086892e-5,0.0,0.0,0.0001785985383940175,0.0001785985383940175,0.0,0.0,0.0,0.0
DE1 4 battery,15,0.0,0.0,9.504126007803905e-5,9.504126007803905e-5,0.0,0.0,0.0001739772940998761,0.0001739772940998761,0.0,0.0,0.0,0.0
DE1 5 battery,16,0.0,0.0,9.845485806588747e-5,9.845485806588747e-5,0.0,0.0,0.00018271534157032572,0.00018271534157032572,0.0,0.0,0.0,0.0
DE1 6 battery,17,0.0,0.0,9.463078074233003e-5,9.463078074233003e-5,0.0,0.0,0.000176977093499635,0.000176977093499635,0.0,0.0,0.0,0.0
DE1 7 battery,18,0.0,0.0,9.11280189065839e-5,9.11280189065839e-5,0.0,0.0,0.00016569024325984314,0.00016569024325984314,0.0,0.0,0.0,0.0
DE1 8 battery,19,0.0,0.0,9.214380667723132e-5,9.214380667723132e-5,0.0,0.0,0.00016808384968757217,0.00016808384968757217,0.0,0.0,0.0,0.0
DE1 9 battery,20,0.0,0.0,9.763666800459147e-5,9.763666800459147e-5,0.0,0.0,0.0001810231154072681,0.0001810231154072681,0.0,0.0,0.0,0.0
ES1 0 battery,21,0.0,0.0,0.00013095074388658158,0.00013095074388658158,0.0,0.0,0.00024288692728751204,0.00024288692728751204,0.0,0.0,0.0,0.0
ES1 1 battery,22,0.0,0.0,0.00014533533892749435,0.00014533533892749435,0.0,0.0,0.0002782671837220684,0.0002782671837220684,0.0,0.0,0.0,0.0
ES1 2 battery,23,0.0,0.0,0.0001402671244547175,0.0001402671244547175,0.0,0.0,0.00026866674758840815,0.00026866674758840815,0.0,0.0,0.0,0.0
ES1 3 battery,24,0.0,0.0,0.00015641564435319878,0.00015641564435319878,0.0,0.0,0.00031017929484744317,0.00031017929484744317,0.0,0.0,0.0,0.0
ES1 4 battery,25,0.0,0.0,0.0001398720681866847,0.0001398720681866847,0.0,0.0,0.0002620677786005016,0.0002620677786005016,0.0,0.0,0.0,0.0
ES1 5 battery,26,0.0,0.0,0.00013947231492274594,0.00013947231492274594,0.0,0.0,0.0002663244282241714,0.0002663244282241714,0.0,0.0,0.0,0.0
ES1 6 battery,27,0.0,0.0,0.00013414965468517754,0.00013414965468517754,0.0,0.0,0.00024977264144454244,0.00024977264144454244,0.0,0.0,0.0,0.0
ES1 7 battery,28,0.0,0.0,0.00013152145138864814,0.00013152145138864814,0.0,0.0,0.00024364667575175184,0.00024364667575175184,0.0,0.0,0.0,0.0
ES1 8 battery,29,0.0,0.0,0.00013721143153983746,0.00013721143153983746,0.0,0.0,0.00026482532406546863,0.00026482532406546863,0.0,0.0,0.0,0.0
ES4 0 battery,30,0.0,0.0,0.00013843644341389176,0.00013843644341389176,0.0,0.0,0.00047143926893130315,0.00047143926893130315,0.0,0.0,0.0,0.0
FR1 0 battery,31,0.0,0.0,0.00010260853889514153,0.00010260853889514153,0.0,0.0,0.0001855750097543416,0.0001855750097543416,0.0,0.0,0.0,0.0
FR1 1 battery,32,0.0,0.0,0.0001046050683841059,0.0001046050683841059,0.0,0.0,0.0001930278204559181,0.0001930278204559181,0.0,0.0,0.0,0.0
FR1 10 battery,33,0.0,0.0,9.656579456860023e-5,9.656579456860023e-5,0.0,0.0,0.0001709027477044853,0.0001709027477044853,0.0,0.0,0.0,0.0
FR1 11 battery,34,0.0,0.0,0.0001020566699033319,0.0001020566699033319,0.0,0.0,0.00018476457827817274,0.00018476457827817274,0.0,0.0,0.0,0.0
FR1 12 battery,35,0.0,0.0,0.00010492767585640088,0.00010492767585640088,0.0,0.0,0.00019028958685038904,0.00019028958685038904,0.0,0.0,0.0,0.0
FR1 13 battery,36,0.0,0.0,0.00011302403766230999,0.00011302403766230999,0.0,0.0,0.00022878877850221506,0.00022878877850221506,0.0,0.0,0.0,0.0
FR1 14 battery,37,0.0,0.0,0.00010530095510618275,0.00010530095510618275,0.0,0.0,0.0001968821707473981,0.0001968821707473981,0.0,0.0,0.0,0.0
FR1 15 battery,38,0.0,0.0,9.661721365650457e-5,9.661721365650457e-5,0.0,0.0,0.0001713580954312092,0.0001713580954312092,0.0,0.0,0.0,0.0
FR1 16 battery,39,0.0,0.0,0.00010350296675809403,0.00010350296675809403,0.0,0.0,0.00019069805768199684,0.00019069805768199684,0.0,0.0,0.0,0.0
FR1 17 battery,40,0.0,0.0,9.405273235614574e-5,9.405273235614574e-5,0.0,0.0,0.00017041048892272613,0.00017041048892272613,0.0,0.0,0.0,0.0
FR1 18 battery,41,0.0,0.0,0.00010851921984242295,0.00010851921984242295,0.0,0.0,0.0002314046364921418,0.0002314046364921418,0.0,0.0,0.0,0.0
FR1 2 battery,42,0.0,0.0,0.00010544533896337183,0.00010544533896337183,0.0,0.0,0.00019805359110656342,0.00019805359110656342,0.0,0.0,0.0,0.0
FR1 3 battery,43,0.0,0.0,0.00010812322781491997,0.00010812322781491997,0.0,0.0,0.00020166266424971501,0.00020166266424971501,0.0,0.0,0.0,0.0
FR1 4 battery,44,0.0,0.0,9.774453113193576e-5,9.774453113193576e-5,0.0,0.0,0.00017580339690084822,0.00017580339690084822,0.0,0.0,0.0,0.0
FR1 5 battery,45,0.0,0.0,0.00010636910160195699,0.00010636910160195699,0.0,0.0,0.0002170806411033618,0.0002170806411033618,0.0,0.0,0.0,0.0
FR1 6 battery,46,0.0,0.0,0.00012224904667475242,0.00012224904667475242,0.0,0.0,0.0002224473118032563,0.0002224473118032563,0.0,0.0,0.0,0.0
FR1 7 battery,47,0.0,0.0,9.766218661330921e-5,9.766218661330921e-5,0.0,0.0,0.00017349469612342548,0.00017349469612342548,0.0,0.0,0.0,0.0
FR1 8 battery,48,0.0,0.0,0.00012004361018957134,0.00012004361018957134,0.0,0.0,0.00021761496818246937,0.00021761496818246937,0.0,0.0,0.0,0.0
FR1 9 battery,49,0.0,0.0,0.00010957379342010988,0.00010957379342010988,0.0,0.0,0.00023646403442529633,0.00023646403442529633,0.0,0.0,0.0,0.0
GB0 0 battery,50,0.0,0.0,0.00011000022615755513,0.00011000022615755513,0.0,0.0,0.0002134549727451091,0.0002134549727451091,0.0,0.0,0.0,0.0
GB0 1 battery,51,0.0,0.0,0.00011585999564443662,0.00011585999564443662,0.0,0.0,0.00022576038441088895,0.00022576038441088895,0.0,0.0,0.0,0.0
GB0 10 battery,52,0.0,0.0,0.00010910010185641139,0.00010910010185641139,0.0,0.0,0.00021276349311702175,0.00021276349311702175,0.0,0.0,0.0,0.0
GB0 11 battery,53,0.0,0.0,0.00010697686231205225,0.00010697686231205225,0.0,0.0,0.0002456059778584527,0.0002456059778584527,0.0,0.0,0.0,0.0
GB0 12 battery,54,0.0,0.0,0.00011171549998263624,0.00011171549998263624,0.0,0.0,0.00024526994299548286,0.00024526994299548286,0.0,0.0,0.0,0.0
GB0 2 battery,55,0.0,0.0,0.00011584145588715269,0.00011584145588715269,0.0,0.0,0.00023774177249759543,0.00023774177249759543,0.0,0.0,0.0,0.0
GB0 3 battery,56,0.0,0.0,0.00010799069955689404,0.00010799069955689404,0.0,0.0,0.0002140381104144798,0.0002140381104144798,0.0,0.0,0.0,0.0
GB0 4 battery,57,0.0,0.0,0.0001105774359044769,0.0001105774359044769,0.0,0.0,0.0002173683678274922,0.0002173683678274922,0.0,0.0,0.0,0.0
GB0 5 battery,58,0.0,0.0,0.0001155154789113229,0.0001155154789113229,0.0,0.0,0.00023700194744735736,0.00023700194744735736,0.0,0.0,0.0,0.0
GB0 6 battery,59,0.0,0.0,0.00010909117527722417,0.00010909117527722417,0.0,0.0,0.00023711076603957193,0.00023711076603957193,0.0,0.0,0.0,0.0
GB0 7 battery,60,0.0,0.0,0.00010892101778229962,0.00010892101778229962,0.0,0.0,0.00021266923211718113,0.00021266923211718113,0.0,0.0,0.0,0.0
GB0 8 battery,61,0.0,0.0,0.00011326244843794785,0.00011326244843794785,0.0,0.0,0.00022113120252578673,0.00022113120252578673,0.0,0.0,0.0,0.0
GB0 9 battery,62,0.0,0.0,0.00011369352362348757,0.00011369352362348757,0.0,0.0,0.00022166715614787096,0.00022166715614787096,0.0,0.0,0.0,0.0
GB5 0 battery,63,0.0,0.0,0.00012404499521907086,0.00012404499521907086,0.0,0.0,0.00025133583728454827,0.00025133583728454827,0.0,0.0,0.0,0.0
IT1 0 battery,64,0.0,0.0,0.0005891014224611802,0.0005891014224611802,0.0,0.0,0.002515492911168288,0.002515492911168288,0.0,0.0,0.0,0.0
IT1 1 battery,65,0.0,0.0,0.0011907394974450185,0.0011907394974450185,0.0,0.0,0.004963415784082284,0.004963415784082284,0.0,0.0,0.0,0.0
IT1 10 battery,66,0.0,0.0,0.004855450233133999,0.004855450233133999,0.0,0.0,0.017979551826852222,0.017979551826852222,0.0,0.0,0.0,0.0
IT1 11 battery,67,0.0,0.0,0.001427854453741653,0.001427854453741653,0.0,0.0,0.005339304769733359,0.005339304769733359,0.0,0.0,0.0,0.0
IT1 2 battery,68,0.0,0.0,0.0037620775350010356,0.0037620775350010356,0.0,0.0,0.013765365405377164,0.013765365405377164,0.0,0.0,0.0,0.0
IT1 3 battery,69,0.0,0.0,88.20597547205968,88.20597547205968,0.0,0.0,335.055092536905,335.055092536905,0.0,0.0,0.0,0.0
IT1 4 battery,70,0.0,0.0,0.01055859726088519,0.01055859726088519,0.0,0.0,0.03877217013727542,0.03877217013727542,0.0,0.0,0.0,0.0
IT1 5 battery,71,0.0,0.0,0.00010056889593668524,0.00010056889593668524,0.0,0.0,0.00021920369057287838,0.00021920369057287838,0.0,0.0,0.0,0.0
IT1 6 battery,72,0.0,0.0,0.0008915853989124477,0.0008915853989124477,0.0,0.0,0.0033146311846616386,0.0033146311846616386,0.0,0.0,0.0,0.0
IT1 7 battery,73,0.0,0.0,464.9202594196098,464.9202594196098,0.0,0.0,2138.631289750574,2138.631289750574,0.0,0.0,0.0,0.0
IT1 8 battery,74,0.0,0.0,5032.034311017534,5032.034311017534,0.0,0.0,30922.998284279874,30922.998284279874,0.0,0.0,0.0,0.0
IT1 9 battery,75,0.0,0.0,0.001202583298225541,0.001202583298225541,0.0,0.0,0.004627757337024524,0.004627757337024524,0.0,0.0,0.0,0.0
IT3 0 battery,76,0.0,0.0,2830.871552357327,2830.871552357327,0.0,0.0,13924.583865206912,13924.583865206912,0.0,0.0,0.0,0.0
Total,n/a,555103.11831596,168297.13598148813,758538.5262326369,1.1453445085671088e6,4.0451366033208e7,62628.131818346614,47321.37333448541,4.043605927472414e7,0.0,0.0,0.0,0.0
